timestamp,asset_id,normalized_return_1,normalized_return_21,normalized_return_63,normalized_return_126,normalized_return_256
2024-06-04T00:00:00,ICPUSD,,,,,
2024-06-05T00:00:00,ICPUSD,,,,,
2024-06-06T00:00:00,ICPUSD,,,,,
2024-06-07T00:00:00,ICPUSD,,,,,
2024-06-08T00:00:00,ICPUSD,,,,,
2024-06-09T00:00:00,ICPUSD,,,,,
2024-06-10T00:00:00,ICPUSD,,,,,
2024-06-11T00:00:00,ICPUSD,,,,,
2024-06-12T00:00:00,ICPUSD,,,,,
2024-06-13T00:00:00,ICPUSD,,,,,
2024-06-14T00:00:00,ICPUSD,,,,,
2024-06-15T00:00:00,ICPUSD,,,,,
2024-06-16T00:00:00,ICPUSD,,,,,
2024-06-17T00:00:00,ICPUSD,,,,,
2024-06-18T00:00:00,ICPUSD,,,,,
2024-06-19T00:00:00,ICPUSD,,,,,
2024-06-20T00:00:00,ICPUSD,,,,,
2024-06-21T00:00:00,ICPUSD,,,,,
2024-06-22T00:00:00,ICPUSD,,,,,
2024-06-23T00:00:00,ICPUSD,,,,,
2024-06-24T00:00:00,ICPUSD,,,,,
2024-06-25T00:00:00,ICPUSD,,,,,
2024-06-26T00:00:00,ICPUSD,,,,,
2024-06-27T00:00:00,ICPUSD,,,,,
2024-06-28T00:00:00,ICPUSD,,,,,
2024-06-29T00:00:00,ICPUSD,,,,,
2024-06-30T00:00:00,ICPUSD,,,,,
2024-07-01T00:00:00,ICPUSD,,,,,
2024-07-02T00:00:00,ICPUSD,,,,,
2024-07-03T00:00:00,ICPUSD,,,,,
2024-07-04T00:00:00,ICPUSD,,,,,
2024-07-05T00:00:00,ICPUSD,,,,,
2024-07-06T00:00:00,ICPUSD,,,,,
2024-07-07T00:00:00,ICPUSD,,,,,
2024-07-08T00:00:00,ICPUSD,,,,,
2024-07-09T00:00:00,ICPUSD,,,,,
2024-07-10T00:00:00,ICPUSD,,,,,
2024-07-11T00:00:00,ICPUSD,,,,,
2024-07-12T00:00:00,ICPUSD,,,,,
2024-07-13T00:00:00,ICPUSD,,,,,
2024-07-14T00:00:00,ICPUSD,,,,,
2024-07-15T00:00:00,ICPUSD,,,,,
2024-07-16T00:00:00,ICPUSD,,,,,
2024-07-17T00:00:00,ICPUSD,,,,,
2024-07-18T00:00:00,ICPUSD,,,,,
2024-07-19T00:00:00,ICPUSD,,,,,
2024-07-20T00:00:00,ICPUSD,,,,,
2024-07-21T00:00:00,ICPUSD,,,,,
2024-07-22T00:00:00,ICPUSD,,,,,
2024-07-23T00:00:00,ICPUSD,,,,,
2024-07-24T00:00:00,ICPUSD,,,,,
2024-07-25T00:00:00,ICPUSD,,,,,
2024-07-26T00:00:00,ICPUSD,,,,,
2024-07-27T00:00:00,ICPUSD,,,,,
2024-07-28T00:00:00,ICPUSD,,,,,
2024-07-29T00:00:00,ICPUSD,,,,,
2024-07-30T00:00:00,ICPUSD,,,,,
2024-07-31T00:00:00,ICPUSD,,,,,
2024-08-01T00:00:00,ICPUSD,,,,,
2024-08-02T00:00:00,ICPUSD,,,,,
2024-08-03T00:00:00,ICPUSD,-2.1241022542356722,-0.33246670106962423,,,
2024-08-04T00:00:00,ICPUSD,-0.49134308753699774,-0.60834776052371597,,,
2024-08-05T00:00:00,ICPUSD,-1.4367817959433755,-1.2443951125474153,,,
2024-08-06T00:00:00,ICPUSD,1.6850129511634313,-0.9806221055012635,-1.0100192401843049,,
2024-08-07T00:00:00,ICPUSD,-1.4367693790258138,-1.4495220091893535,-1.1284051027111686,,
2024-08-08T00:00:00,ICPUSD,0.72800743006047408,-1.1116374493734593,-1.0445809617376716,,
2024-08-09T00:00:00,ICPUSD,0.11971488072956278,-1.2555098849540924,-0.97657361913073137,,
2024-08-10T00:00:00,ICPUSD,0,-1.3363429640330711,-0.88860107462883531,,
2024-08-11T00:00:00,ICPUSD,-1.5169576009601786,-1.5885231780032461,-1.0164072740137815,,
2024-08-12T00:00:00,ICPUSD,0.99228279573454969,-1.4587141404748973,-0.94154138514994834,,
2024-08-13T00:00:00,ICPUSD,0.21433882660211337,-1.1723044324611387,-0.7768949217450738,,
2024-08-14T00:00:00,ICPUSD,-0.37949877852222458,-1.2893322600394068,-0.90096961526438257,,
2024-08-15T00:00:00,ICPUSD,-0.78553761566809854,-1.4048125400418394,-0.82835965388338795,,
2024-08-16T00:00:00,ICPUSD,0.82292814576560835,-1.2367823294384448,-0.65122029898105727,,
2024-08-17T00:00:00,ICPUSD,0.2727225676692146,-1.2004463662326712,-0.58315541862459053,,
2024-08-18T00:00:00,ICPUSD,0.36850839478490105,-1.1031408791308721,-0.64595080195224397,,
2024-08-19T00:00:00,ICPUSD,-0.45670181964712131,-1.0482629523732137,-0.56557050305979073,,
2024-08-20T00:00:00,ICPUSD,0.35429852442194948,-0.91482843892219179,-0.32036590221073274,,
2024-08-21T00:00:00,ICPUSD,1.4077210076721038,-0.75235655533258716,-0.22767593481364229,,
2024-08-22T00:00:00,ICPUSD,0.77626433588738442,-0.521114515097447,-0.13072487445281356,,
2024-08-23T00:00:00,ICPUSD,1.795277023022021,0.05501830734439838,0.065964781618446461,,
2024-08-24T00:00:00,ICPUSD,0.40077328566158738,0.68746080714716595,0.19861230043732153,,
2024-08-25T00:00:00,ICPUSD,-0.64001775798301652,0.65820647942256505,0.22713735455193756,,
2024-08-26T00:00:00,ICPUSD,-0.96417343412828438,0.7964143650127975,0.14621405236558085,,
2024-08-27T00:00:00,ICPUSD,-0.27046085525725855,0.31295236712133079,-0.071172727687562193,,
2024-08-28T00:00:00,ICPUSD,-0.94334314477851589,0.47641368598541212,-0.15737647428235896,,
2024-08-29T00:00:00,ICPUSD,0.20773931314996782,0.34320086506319397,-0.15654633916817992,,
2024-08-30T00:00:00,ICPUSD,-0.84627591736789953,0.11834693410518578,-0.16852084430172559,,
2024-08-31T00:00:00,ICPUSD,-0.15723534435488978,0.085225500448558617,-0.17165992162050722,,
2024-09-01T00:00:00,ICPUSD,-0.36394521704822136,0.41550663474631477,-0.2398315848390068,,
2024-09-02T00:00:00,ICPUSD,0.24333442890660059,0.21563918808249555,-0.28457722872173075,,
2024-09-03T00:00:00,ICPUSD,-0.61610933094058717,0.023573411312808053,-0.2490174924446921,,
2024-09-04T00:00:00,ICPUSD,0.97762772641211693,0.33861138928671158,0.068730969989328428,,
2024-09-05T00:00:00,ICPUSD,-1.2763620725477689,0.24139436238057119,0.12175050665294233,,
2024-09-06T00:00:00,ICPUSD,-1.1802949073660483,-0.22122707553686255,0.030598036931527173,,
2024-09-07T00:00:00,ICPUSD,0.72915981003909347,-0.13414248438175791,-0.14139184182751793,,
2024-09-08T00:00:00,ICPUSD,0.91560164733153815,-0.026867982561562243,0.10053414229789168,,
2024-09-09T00:00:00,ICPUSD,1.3787123981449443,0.38622242994634987,0.38779136242457779,,
2024-09-10T00:00:00,ICPUSD,2.735755423391272,0.89694856715877358,0.53497531975147194,,
2024-09-11T00:00:00,ICPUSD,0.16648906581756509,0.62233652437258269,0.60844022492418948,,
2024-09-12T00:00:00,ICPUSD,-0.66324793572997065,0.29110743920093513,0.39379004165913972,,
2024-09-13T00:00:00,ICPUSD,0.11002590239218502,-0.070093868555016273,0.46778113075612077,,
2024-09-14T00:00:00,ICPUSD,0.24158526145827824,-0.10616382522189177,0.10957203223836859,,
2024-09-15T00:00:00,ICPUSD,-0.64186935837955306,-0.10534248574236293,-0.087158395117872378,,
2024-09-16T00:00:00,ICPUSD,-1.2392527897504941,-0.16463861703173974,-0.48673430948759205,,
2024-09-17T00:00:00,ICPUSD,-0.13313311220009263,-0.1377286598353763,-0.5463649430891514,,
2024-09-18T00:00:00,ICPUSD,-0.060505826385496335,0.059581095892037014,-0.73276449350955974,,
2024-09-19T00:00:00,ICPUSD,0.78487949281357461,0.1857672334671919,-0.49102250804811404,,
2024-09-20T00:00:00,ICPUSD,0.80116597476684148,0.57569168377301461,-0.51718681369409658,,
2024-09-21T00:00:00,ICPUSD,0.21389215524182967,0.67608633667487894,-0.54744555295116026,,
2024-09-22T00:00:00,ICPUSD,-0.62135670356313588,0.61859266238234956,-0.6473802946272027,,
2024-09-23T00:00:00,ICPUSD,1.1791595478440191,0.84196207200639794,-0.54177627223232327,,
2024-09-24T00:00:00,ICPUSD,1.971721711883123,1.463879362795854,-0.088405193286235417,,
2024-09-25T00:00:00,ICPUSD,-0.48881838378927389,1.098057912583845,-0.17833530912917864,,
2024-09-26T00:00:00,ICPUSD,0.71223086588425788,1.6510259593962846,-0.077406579925044017,,
2024-09-27T00:00:00,ICPUSD,1.1167194189012208,2.3329628882225593,0.097822878724895743,,
2024-09-28T00:00:00,ICPUSD,-0.62423105246219446,1.9403912730528048,0.025961640576747762,,
2024-09-29T00:00:00,ICPUSD,0.10003069426172881,1.7424889769660803,0.082600019151803664,,
2024-09-30T00:00:00,ICPUSD,-1.2163836088787789,1.0128575349008164,0.038556336884365203,,
2024-10-01T00:00:00,ICPUSD,-2.1173999750222579,-0.20051110130393493,-0.17913720001763467,,
2024-10-02T00:00:00,ICPUSD,-0.77966515789024171,-0.39935947652080145,-0.33587426885340876,,
2024-10-03T00:00:00,ICPUSD,-0.32892440711890303,-0.33124107132413877,-0.32504736570301518,,
2024-10-04T00:00:00,ICPUSD,1.4607546010542916,-0.050667314153573423,-0.037879242840209361,,
2024-10-05T00:00:00,ICPUSD,-0.94202560925758083,-0.30290307281645878,0.13290278053635166,,
2024-10-06T00:00:00,ICPUSD,0.97272231157173039,0.033861786452523371,0.33138885749401936,,
2024-10-07T00:00:00,ICPUSD,-0.6170878776170865,0.17816241545982786,0.46623722110163884,,
2024-10-08T00:00:00,ICPUSD,-0.4520372001492341,0.10790015653654947,0.16106720131067059,-0.71110269016748429,
2024-10-09T00:00:00,ICPUSD,-0.8137061463356936,-0.059947672360286419,0.27507400507062441,-0.78050261096980167,
2024-10-10T00:00:00,ICPUSD,0.75137137158586487,-0.064792652563662873,0.26850489593634247,-0.71147619161667808,
2024-10-11T00:00:00,ICPUSD,0.54294237256934741,-0.11758370765991706,0.32765700600623804,-0.62141231168807687,
2024-10-12T00:00:00,ICPUSD,-0.40222545324244346,-0.24889450962742363,0.27603086945438038,-0.56577173915705248,
2024-10-13T00:00:00,ICPUSD,-0.65892267323553866,-0.26100256963172497,0.43735688640108333,-0.62786356694357137,
2024-10-14T00:00:00,ICPUSD,1.6525711104698246,-0.15046255316951221,0.49978724347176084,-0.51030999586030401,
2024-10-15T00:00:00,ICPUSD,-1.2856359919628291,-0.78300195342760548,0.27271633032721737,-0.45579628286288471,
2024-10-16T00:00:00,ICPUSD,0.066148300822842565,-0.69140928177396122,0.34404774787947434,-0.52510796842940655,
2024-10-17T00:00:00,ICPUSD,-0.93782034477577858,-0.99516035976325068,0.3312964288610325,-0.46475627346861037,
2024-10-18T00:00:00,ICPUSD,1.1530641123174186,-0.97934013912997631,0.36640263010143909,-0.29152492645931322,
2024-10-19T00:00:00,ICPUSD,0.13256278463404531,-0.85883225086858073,0.35033215527702316,-0.24287795683893654,
2024-10-20T00:00:00,ICPUSD,0.76661932527038679,-0.74361721709291906,0.40490693855494753,-0.26183584331108112,
2024-10-21T00:00:00,ICPUSD,-0.79145991427937012,-0.66288290447381604,0.36182841078906075,-0.21373391876699524,
2024-10-22T00:00:00,ICPUSD,-0.26251418254430431,-0.24080746161969663,0.27934946496319241,-0.062158338010161927,
2024-10-23T00:00:00,ICPUSD,0.55578607596402108,0.061354893068699012,0.156886148425189,-0.072433706087816158,
2024-10-24T00:00:00,ICPUSD,0.46340572754139026,0.24671096823563171,0.10979314587007685,-0.026799676115534573,
2024-10-25T00:00:00,ICPUSD,-0.75226755438946546,-0.2651813898310082,-0.22745348114036884,-0.11134897125743073,
2024-10-26T00:00:00,ICPUSD,-0.70447687944207238,-0.18833199609276971,-0.36275508925148892,-0.11502861013885687,
2024-10-27T00:00:00,ICPUSD,0.070606979449726895,-0.40397431625206193,-0.27641202953731148,-0.027163512003776331,
2024-10-28T00:00:00,ICPUSD,-0.29625943587897668,-0.32291713638645725,-0.18139744160997912,-0.01463455114357934,
2024-10-29T00:00:00,ICPUSD,1.031333316662165,0.0028901534254424672,-0.019482705167820715,-0.070928466775031895,
2024-10-30T00:00:00,ICPUSD,0.34596672163766007,0.29325464709622878,0.16792978364160352,-0.01643201513050414,
2024-10-31T00:00:00,ICPUSD,-1.0458938171262353,-0.13006043239269069,-0.00043378291713036033,-0.12614026349667856,
2024-11-01T00:00:00,ICPUSD,-0.010504102855119057,-0.26445421243846656,0.12530676797796461,-0.053412800508890856,
2024-11-02T00:00:00,ICPUSD,-0.68591836172106979,-0.31494670334761615,0.059938983945108423,-0.098600714936741107,
2024-11-03T00:00:00,ICPUSD,-1.618818508266217,-0.49660947699252445,-0.10023200078201586,-0.25134638558275907,
2024-11-04T00:00:00,ICPUSD,-0.6918050785353933,-0.9860935932905005,-0.21724995711600223,-0.35936015037100483,
2024-11-05T00:00:00,ICPUSD,1.5729964217556358,-0.37361111140681202,0.057632912235075141,-0.14667148649427053,
2024-11-06T00:00:00,ICPUSD,1.2724912561486197,-0.12481877219842684,0.089160682534346961,0.11468059843821254,
2024-11-07T00:00:00,ICPUSD,0.085425415611869546,0.12374133208298091,0.28704291677022464,0.30219580132234636,
2024-11-08T00:00:00,ICPUSD,1.5804272772145207,0.18912366180532683,0.68283911755490501,0.510020995031775,
2024-11-09T00:00:00,ICPUSD,0.089081889611139428,0.17982768049684514,0.59408612823299289,0.29624381276489781,
2024-11-10T00:00:00,ICPUSD,1.555082168934075,0.33791056961295185,0.66962671309887467,0.56162513179270757,
2024-11-11T00:00:00,ICPUSD,1.5407473163043068,0.89624471218596358,0.67570098869091211,0.81893459244561606,
2024-11-12T00:00:00,ICPUSD,-1.2836198131639547,0.61930074732017359,0.067220091253767558,0.48753534215538635,
2024-11-13T00:00:00,ICPUSD,-1.3019696389584583,0.17096123217957926,-0.12358294434866816,0.3678741494327083,
2024-11-14T00:00:00,ICPUSD,-0.7981291360583902,-0.10383910987315303,-0.13275403201741925,0.19926474059615065,
2024-11-15T00:00:00,ICPUSD,1.6322631090885609,0.41388855586334083,0.052778006067034082,0.39163625499591975,
2024-11-16T00:00:00,ICPUSD,1.8047665054135442,0.98969492039471985,0.2492885645022048,0.26045052742318398,
2024-11-17T00:00:00,ICPUSD,-0.70215060619143332,0.79600871361567671,0.24199362646072053,0.1045203190479797,
2024-11-18T00:00:00,ICPUSD,0.68540937823544656,1.0466433104758577,0.52586255415433658,-0.041846475697051105,
2024-11-19T00:00:00,ICPUSD,-0.48446226831679384,0.70237253488325169,0.47939197532315336,-0.11594507919371039,
2024-11-20T00:00:00,ICPUSD,-0.22193729571753559,0.58305526133131003,0.46307553160982229,-0.27760562783619286,
2024-11-21T00:00:00,ICPUSD,0.50297638909514353,0.9574922201886471,0.42770185378444109,-0.10106861922176694,
2024-11-22T00:00:00,ICPUSD,3.1498678588383395,1.6266960321039414,0.705072978007109,0.098895518747444899,
2024-11-23T00:00:00,ICPUSD,1.1419918140939775,2.1340500833715828,0.85869885528571832,0.17111849179622965,
2024-11-24T00:00:00,ICPUSD,0.152926544769729,2.6556147359681606,0.99043635009132991,0.16350479693750386,
2024-11-25T00:00:00,ICPUSD,1.2135524948361154,3.2749368224862829,1.0240653716360766,0.26844643088147424,
2024-11-26T00:00:00,ICPUSD,-1.6349493242612978,2.134154836150016,0.44412453487896109,0.25090931704514546,
2024-11-27T00:00:00,ICPUSD,1.2390311843175223,2.20854410590047,0.69326808577207932,0.35384851588024674,
2024-11-28T00:00:00,ICPUSD,-0.35319320137281823,2.0969227607653909,0.55191277116751081,0.33374922751346098,
2024-11-29T00:00:00,ICPUSD,1.1034194515093751,2.0582947424259808,0.57595733602650856,0.47935165123909002,
2024-11-30T00:00:00,ICPUSD,1.2019484894509527,2.4203267691924633,0.85045188482615552,0.62204235978348854,
2024-12-01T00:00:00,ICPUSD,-0.26573319574578785,1.9671762719923964,0.80239809883884849,0.63178460885641519,
2024-12-02T00:00:00,ICPUSD,1.0113684523174418,1.9030237169563147,1.1652156736682788,0.85782750211665304,
2024-12-03T00:00:00,ICPUSD,1.6320625289447477,2.7562948249996966,1.8624719242864081,1.1188948605641571,
2024-12-04T00:00:00,ICPUSD,0.9910789902494973,3.5627554011604463,2.2612950846763487,1.1949062916067343,
2024-12-05T00:00:00,ICPUSD,-0.51111485163850978,3.6478317465700973,2.2212792919170723,1.1876168910995581,
2024-12-06T00:00:00,ICPUSD,0.72107148315250269,3.4316114964232574,2.1118370445427588,1.4484410865548776,
2024-12-07T00:00:00,ICPUSD,-0.69964397309715709,2.5982096985967504,2.1525213906367533,1.6805291775522067,
2024-12-08T00:00:00,ICPUSD,-0.38997775752775393,2.7118286712892425,1.8870006607602143,1.709193268028651,
2024-12-09T00:00:00,ICPUSD,-2.7005437434458961,1.2557130916335613,1.1443564081668509,1.2048951999205715,
2024-12-10T00:00:00,ICPUSD,-0.84592203715908898,1.1196679437460613,1.0518102701784608,0.87511707089107404,
2024-12-11T00:00:00,ICPUSD,1.7755458226555207,1.6322748289574749,1.4749036796140917,1.2892604378073333,
2024-12-12T00:00:00,ICPUSD,1.1496179152101336,1.869683846303678,1.5923751218454594,1.3724352377393427,
2024-12-13T00:00:00,ICPUSD,-0.038867372610769765,1.1137832626346387,1.5223418916534124,1.3710411543081198,
2024-12-14T00:00:00,ICPUSD,-1.3677521810447184,0.46650576564587848,1.2582632679499612,1.1140910725476829,
2024-12-15T00:00:00,ICPUSD,0.49434460222001636,0.56159748840767876,1.4752225479576828,1.4203628649646476,
2024-12-16T00:00:00,ICPUSD,-0.13818075879292441,0.28948981450362515,1.2226182979890223,1.2832366217902484,
2024-12-17T00:00:00,ICPUSD,-0.69826556115393779,0.49238574923515238,1.2932508809139802,1.1511597529469491,
2024-12-18T00:00:00,ICPUSD,-1.4038454450657034,-0.097487252380749123,0.98099816444433108,0.9579381331521718,
2024-12-19T00:00:00,ICPUSD,-1.8837314481693841,-0.43649163026081611,0.70817232095307969,0.72496402075464883,
2024-12-20T00:00:00,ICPUSD,0.32989642494697163,-0.55447601282220715,0.63588568565757331,0.69581845973961964,
2024-12-21T00:00:00,ICPUSD,-0.29260042359435928,-0.79721651494053836,0.58261427600757698,0.64192928550258388,
2024-12-22T00:00:00,ICPUSD,-0.25242797239524056,-0.81371852047922077,0.46529710666767093,0.58518527512474128,
2024-12-23T00:00:00,ICPUSD,1.3073791177945711,-0.72985088883740012,0.75539752745082622,0.78364383883977706,
2024-12-24T00:00:00,ICPUSD,0.50267699166047519,-0.89080985789986944,0.88345093796009899,0.82432488841672713,
2024-12-25T00:00:00,ICPUSD,0.13469532857921279,-1.0243446826613021,0.85167552293916993,0.71326384398548848,
2024-12-26T00:00:00,ICPUSD,-1.3606183493941104,-1.1607601655046955,0.55156731349661914,0.45849116480492275,
2024-12-27T00:00:00,ICPUSD,0.032141352958780803,-1.2680252692697227,0.65300246632750947,0.31387053701385909,
2024-12-28T00:00:00,ICPUSD,0.81590973858361726,-1.0562054298415116,0.87615406361823767,0.36699535213438472,
2024-12-29T00:00:00,ICPUSD,-1.0102627660238983,-1.165611569205429,0.6917406482128865,0.3109310503312564,
2024-12-30T00:00:00,ICPUSD,0.16415131043068829,-0.65893227425479872,0.76464368237736524,0.42128809205223194,
2024-12-31T00:00:00,ICPUSD,-0.59332778268429531,-0.61401651391467194,0.55981987204117101,0.3837432089697484,
2025-01-01T00:00:00,ICPUSD,1.3026163429257185,-0.69896138743911362,0.71630184542374975,0.61379714689379217,
2025-01-02T00:00:00,ICPUSD,0.034048017522296921,-0.91166850479009764,0.86036855104412946,0.60807812750994905,
2025-01-03T00:00:00,ICPUSD,2.6024451959016139,-0.37145481763985116,1.222439605231914,0.95123717543076969,
2025-01-04T00:00:00,ICPUSD,0.14234141213716087,-0.062724714669540452,1.3592534629462163,1.0043958875815473,
2025-01-05T00:00:00,ICPUSD,-0.3789416199040529,-0.24347010493030702,1.5245132340627043,0.99975532670199641,
2025-01-06T00:00:00,ICPUSD,0.12184262358747006,-0.19465237323241441,1.6759751802379619,1.0088817129012662,
2025-01-07T00:00:00,ICPUSD,-1.4260220267260357,-0.35462617171153094,1.1273984818581941,0.83807959754315131,
2025-01-08T00:00:00,ICPUSD,-0.62004227811236157,-0.19543055183509703,0.86884627206062315,0.67385162586676639,
2025-01-09T00:00:00,ICPUSD,-1.1715958052364728,-0.018601749367754605,0.64847127807954419,0.63256654064557127,
2025-01-10T00:00:00,ICPUSD,0.50440559526848583,0.016974800928413792,0.56683130482128374,0.81748181051852209,
2025-01-11T00:00:00,ICPUSD,0.16967931166023173,0.1216235884133105,0.59314197153496784,0.78393864932413171,
2025-01-12T00:00:00,ICPUSD,-0.28155890465043792,0.1180268417787938,0.39383679908887054,0.67423309537638421,
2025-01-13T00:00:00,ICPUSD,-1.0096578601029402,-0.37583254760369045,0.097824489985617089,0.43138014832567495,
2025-01-14T00:00:00,ICPUSD,0.83560489986801223,-0.31571506653400672,0.34604945890717398,0.28527598181866476,
2025-01-15T00:00:00,ICPUSD,1.1529189059944067,-0.11076252940355362,0.66989202465397213,0.38906093634221939,
2025-01-16T00:00:00,ICPUSD,0.30737700533765266,0.28098393038727526,0.83364947464851114,0.49296960361417325,
2025-01-17T00:00:00,ICPUSD,0.76394134760100862,0.45353186363692471,0.75755878066039184,0.57439627940285154,
2025-01-18T00:00:00,ICPUSD,-1.4599467341247889,-0.084049131014019896,0.29417972821441984,0.36608429508622914,
2025-01-19T00:00:00,ICPUSD,0.11198695581391187,0.1715699105412283,0.39818477234923005,0.44250386136694753,
2025-01-20T00:00:00,ICPUSD,-1.1874733909221533,-0.134037034427057,0.14785094108698865,0.41679771587986986,
2025-01-21T00:00:00,ICPUSD,0.083823505861453776,0.010789175413638524,0.21439786856060275,0.4451732360897066,
2025-01-22T00:00:00,ICPUSD,-1.4167791906878164,-0.54369876664026606,0.038297563201298186,0.28341133665982587,
2025-01-23T00:00:00,ICPUSD,-0.047259882255304385,-0.5681230446100165,-0.015726500405084519,0.22090073828009377,
2025-01-24T00:00:00,ICPUSD,-0.2156601397538323,-1.0885421410368985,-0.35565703388656544,0.14133703959980723,
2025-01-25T00:00:00,ICPUSD,0.26221730102475271,-1.0883336771466163,-0.44314602343633896,0.15228537708470932,
2025-01-26T00:00:00,ICPUSD,-0.023720086372988437,-1.0400045555977213,-0.46768580469611704,0.2019124088723685,
2025-01-27T00:00:00,ICPUSD,-0.71289735585550906,-1.1898772329005729,-0.65227539712854121,0.045649448422237539,
2025-01-28T00:00:00,ICPUSD,-0.42902404875757044,-0.99682028693328029,-0.53921775239347769,-0.13308236795931075,
2025-01-29T00:00:00,ICPUSD,0.21415415374448055,-0.84813172186708208,-0.645584927018231,-0.081402334876071236,
2025-01-30T00:00:00,ICPUSD,0.79215680882627426,-0.44002448102292857,-0.5375270654839821,-0.066871602679822631,
2025-01-31T00:00:00,ICPUSD,0.30272422392581411,-0.50234804455635607,-0.62375324788659559,-0.12286762971207191,
2025-02-01T00:00:00,ICPUSD,-1.3701404457742574,-0.79726231674844805,-0.85091004633644218,-0.1927891252882673,
2025-02-02T00:00:00,ICPUSD,-2.2762806290705204,-1.1065241645077015,-0.96985664392613524,-0.36732274436527035,
2025-02-03T00:00:00,ICPUSD,-0.60760634512491918,-1.0411405328852668,-1.0955896561913854,-0.34454938181071415,
2025-02-04T00:00:00,ICPUSD,-1.0006839552534825,-1.346285223364023,-1.2681889978386915,-0.27987885027446885,
2025-02-05T00:00:00,ICPUSD,-0.048830686795933678,-1.5531806383178102,-1.3481096882806398,-0.2350524808131654,
2025-02-06T00:00:00,ICPUSD,-0.41543951283877889,-1.6822487060831131,-1.3648236994387926,-0.2486975140556405,
2025-02-07T00:00:00,ICPUSD,-0.34910987850000125,-1.8653857654503037,-1.4474532443523256,-0.37437426876286578,
2025-02-08T00:00:00,ICPUSD,0.73016220049118508,-1.537696805580183,-1.368203218767964,-0.25722614638775282,
2025-02-09T00:00:00,ICPUSD,-0.20057913601241892,-1.6104220716206104,-1.3799451988442317,-0.34270952926267534,
2025-02-10T00:00:00,ICPUSD,0.3446870694983179,-1.3701443266771376,-1.1505530312190277,-0.27806853943205551,
2025-02-11T00:00:00,ICPUSD,0.077603424591664971,-1.3946147218824867,-1.0877756628003217,-0.24372503258786574,
2025-02-12T00:00:00,ICPUSD,0.7658144828155492,-0.99343445544311637,-1.1860727472784161,-0.12154719668914485,
2025-02-13T00:00:00,ICPUSD,-0.51955650711427825,-1.088109703964655,-1.3330048243153465,-0.22227212891488296,
2025-02-14T00:00:00,ICPUSD,0.39356345378710705,-0.99089207603975804,-1.3198273247214589,-0.23377442470084842,
2025-02-15T00:00:00,ICPUSD,-0.51788423739777079,-1.1463914728519751,-1.2504145743060218,-0.24843683473548839,-0.59867302848542137
2025-02-16T00:00:00,ICPUSD,-0.37529996804594684,-1.2230933336946679,-1.3396635028972361,-0.23268085949535575,-0.6326177630616121
2025-02-17T00:00:00,ICPUSD,0.35935585308878953,-1.0343999201402894,-1.3196538935065429,-0.32905146161352955,-0.60802379408599116
2025-02-18T00:00:00,ICPUSD,-1.4145184776846178,-1.1886229889959203,-1.3455032143981154,-0.33741449293902454,-0.61693823356508792
2025-02-19T00:00:00,ICPUSD,0.92789006715061595,-1.0705510418525623,-1.1413048465023499,-0.27200677347969082,-0.53033416629812735
2025-02-20T00:00:00,ICPUSD,0.81297023103888488,-1.0835426138344486,-0.85730605731614573,-0.13425224725078305,-0.50712012339865509
2025-02-21T00:00:00,ICPUSD,-0.77332352119112735,-1.2811587929112536,-0.97127734221549733,-0.2867795999861123,-0.54682520921090838
2025-02-22T00:00:00,ICPUSD,0.98810578532485949,-0.83591253039646773,-0.84984332331692147,-0.21986282153336123,-0.42088019028455759
2025-02-23T00:00:00,ICPUSD,-0.54885973651159203,-0.39168729654244194,-0.88128999729824931,-0.32238824523708204,-0.49144501409907942
2025-02-24T00:00:00,ICPUSD,-1.1787365886665875,-0.48540075233067198,-1.1185311137446847,-0.35443391890394854,-0.46460688270624939
2025-02-25T00:00:00,ICPUSD,-1.244549343908504,-0.49667575855469204,-1.2595132622487644,-0.42792612910583366,-0.46732316093492265
2025-02-26T00:00:00,ICPUSD,0.21405674959992393,-0.4500501002487825,-1.2744283865582404,-0.45549508250178433,-0.44119090305373393
2025-02-27T00:00:00,ICPUSD,0.56259120889859948,-0.24025677721191366,-1.0998076057859927,-0.4502920931540601,-0.46206889174604576
2025-02-28T00:00:00,ICPUSD,-0.11177118961624211,-0.18142336778156049,-1.1305652975530061,-0.41430144821225812,-0.41175920188460824
2025-03-01T00:00:00,ICPUSD,-0.0038043926752805782,-0.36170188462156916,-1.2323727640510957,-0.37151976215912552,-0.31834745803003778
2025-03-02T00:00:00,ICPUSD,2.335860739001995,0.19443534284737662,-0.83549216459960463,-0.17040357371140469,-0.20608326233144267
2025-03-03T00:00:00,ICPUSD,-2.6465817145056056,-0.48874358512832405,-1.0002978124369208,-0.35291831869446366,-0.32375525437653546
2025-03-04T00:00:00,ICPUSD,-0.7877131402209121,-0.65998461686820642,-1.0218669561278331,-0.46531295368256553,-0.37114421737960912
2025-03-05T00:00:00,ICPUSD,0.90627074187447054,-0.62465244080218729,-1.0562148269453604,-0.42215486612855413,-0.30497206555377226
2025-03-06T00:00:00,ICPUSD,-0.27188239496481115,-0.59355623661533086,-1.0964709657932177,-0.39125238471421653,-0.28634160743742543
2025-03-07T00:00:00,ICPUSD,0.068279343031668938,-0.65946800832866226,-1.3124216027841107,-0.39220510470093084,-0.27034549746093572
2025-03-08T00:00:00,ICPUSD,-0.64426418233737204,-0.69778174350242017,-1.3803863040388866,-0.40544399522389168,-0.36761900364897188
2025-03-09T00:00:00,ICPUSD,-1.6835722082622022,-0.93524327759987558,-1.426100594822717,-0.42845096116976,-0.42596683821384468
2025-03-10T00:00:00,ICPUSD,-1.237223916104526,-1.1999248208628319,-1.5030239072308826,-0.47777630180271302,-0.48361967929213856
2025-03-11T00:00:00,ICPUSD,1.0973644525013084,-0.7823713741844579,-1.3229960303064834,-0.47976359886596565,-0.40682185090176498
2025-03-12T00:00:00,ICPUSD,-0.064990962296008467,-0.95246625861941181,-1.3024687907850441,-0.55559984066418078,-0.41063599273324841
2025-03-13T00:00:00,ICPUSD,-0.53315675353425229,-1.1801295847900799,-1.2619465718952532,-0.60126789218091103,-0.44639547161498505
2025-03-14T00:00:00,ICPUSD,1.2765659568336936,-0.82679635517197259,-1.1933836936962574,-0.5894134109658673,-0.40659944338705567
2025-03-15T00:00:00,ICPUSD,0.68624001427912562,-0.86648529814957254,-1.1665990357372464,-0.5553914504831664,-0.34344271225929529
2025-03-16T00:00:00,ICPUSD,-0.82583756125989805,-0.93413800896365129,-1.2123982027078668,-0.68386140578216581,-0.32188268714715457
2025-03-17T00:00:00,ICPUSD,1.5222667344778591,-0.43954039883826207,-0.98521549792240137,-0.64911136028840666,-0.16645055992801469
2025-03-18T00:00:00,ICPUSD,-0.98086616748817212,-0.41759763817314094,-1.1308240490585555,-0.64654481108707018,-0.19852165706017977
2025-03-19T00:00:00,ICPUSD,0.7640614255066186,-0.30602759411674618,-1.1708660955163754,-0.53600572979974592,-0.25026017682733698
2025-03-20T00:00:00,ICPUSD,-0.52136609701836734,-0.51164527851523656,-1.245790681475943,-0.53308864376975418,-0.23665178041762638
2025-03-21T00:00:00,ICPUSD,-0.27171912349094901,-0.55384817183536594,-1.3384662175198296,-0.64419369022856943,-0.21960818939212146
2025-03-22T00:00:00,ICPUSD,0.26791110018754405,-0.50975566182735943,-1.2225989466876264,-0.73060236079466101,-0.27299314865552216
2025-03-23T00:00:00,ICPUSD,0.04167372055083722,-0.91202651208846486,-1.2489238315246185,-0.7026405198433332,-0.26260521122295
2025-03-24T00:00:00,ICPUSD,0.97000168192931546,-0.13189287762785018,-1.0721339480718735,-0.68292644710995665,-0.2537932911224236
2025-03-25T00:00:00,ICPUSD,0.4428363448811658,0.15265837758227774,-1.0593525352037707,-0.63878683012838733,-0.21641140173748399
2025-03-26T00:00:00,ICPUSD,-0.17871419849785641,-0.099045937209924023,-0.94675173599088969,-0.6476010781642827,-0.36747106939708207
2025-03-27T00:00:00,ICPUSD,-0.31737492064694695,-0.10435722800593444,-0.98341774767365331,-0.70424243623397897,-0.42782625532195662
2025-03-28T00:00:00,ICPUSD,-1.7060452635522063,-0.47998889479423268,-1.0771639830770947,-0.94040714263195135,-0.57400026774169344
2025-03-29T00:00:00,ICPUSD,-1.1993939139807819,-0.58610542252368625,-1.1884510647016229,-1.044533467372075,-0.62810229007776619
2025-03-30T00:00:00,ICPUSD,0.20028762184517726,-0.17422949010356995,-1.1896457661618762,-1.058450260947583,-0.68484536079816261
2025-03-31T00:00:00,ICPUSD,-0.081596285884425718,0.10859393375142003,-1.1541541387650076,-1.1313301862537815,-0.64574472187699783
2025-04-01T00:00:00,ICPUSD,0.60374740155931705,-0.022984159778732,-1.0791388148896024,-1.0343634601700278,-0.6630324488623297
2025-04-02T00:00:00,ICPUSD,-0.68916243901640739,-0.15762827107807736,-1.1642644922648124,-1.134020010757993,-0.70674467769083449
2025-04-03T00:00:00,ICPUSD,-0.7269434535157171,-0.18863026106011238,-1.2961606962568049,-1.1596953289160696,-0.74684220875311624
2025-04-04T00:00:00,ICPUSD,-0.24797038231822119,-0.53183544839356067,-1.3591959470967774,-1.2369219158870413,-0.77116595067125171
2025-04-05T00:00:00,ICPUSD,-0.43213249995017694,-0.77350553550140677,-1.2935395657088982,-1.321614633808998,-0.735211231352632
2025-04-06T00:00:00,ICPUSD,-1.748936607866505,-0.91329796531716567,-1.1759085983817603,-1.3391901302273552,-0.78035519609292592
2025-04-07T00:00:00,ICPUSD,0.25023760214235197,-1.1820141106774376,-1.1132183895026253,-1.3849803806292915,-0.77872032800237512
2025-04-08T00:00:00,ICPUSD,-0.61737543855933419,-1.1018976790446078,-1.0772722795475336,-1.4782220585702759,-0.7994177744752462
2025-04-09T00:00:00,ICPUSD,2.2090063298144891,-0.77933925926464664,-0.80191481965877875,-1.3236552029753152,-0.66511029002778144
2025-04-10T00:00:00,ICPUSD,-0.72849251062982734,-0.81899114179368537,-0.8353496717826514,-1.3434347749672961,-0.6862538094590751
2025-04-11T00:00:00,ICPUSD,1.0939991878215349,-0.55769342679812328,-0.69516027992025053,-1.3222557780190256,-0.61647147568456784
2025-04-12T00:00:00,ICPUSD,0.85863144814158165,-0.44776537787625909,-0.68961383906993656,-1.2749184820309349,-0.57041749670795472
2025-04-13T00:00:00,ICPUSD,-1.0289584710032049,-0.66051646581805701,-0.76918400286769428,-1.2973730822619245,-0.62878983459892512
2025-04-14T00:00:00,ICPUSD,-0.32735108602919749,-0.91290366457956407,-0.84415014269328803,-1.2086296686468099,-0.63414619046192178
2025-04-15T00:00:00,ICPUSD,-0.75019680009309297,-1.1335460224725302,-0.92646266855525272,-1.2095235918557892,-0.63313542416650304
2025-04-16T00:00:00,ICPUSD,-0.59063668674538328,-1.2177998666736636,-1.0557160026312793,-1.3219392273890926,-0.57780224748510145
2025-04-17T00:00:00,ICPUSD,0.31461104597481088,-1.1257201785273343,-0.99772883299333748,-1.3758160998769027,-0.55335283687232961
2025-04-18T00:00:00,ICPUSD,0.25395557539591401,-0.75451324283635701,-1.0257949635708017,-1.3860174947869428,-0.4856156151024158
2025-04-19T00:00:00,ICPUSD,0.77162685550604704,-0.34749506113000084,-0.91692424621784308,-1.3023374113548924,-0.53164996750973692
2025-04-20T00:00:00,ICPUSD,-0.27809856749275208,-0.45333540960583407,-0.92112804448949748,-1.3556863719633938,-0.47973599421621899
2025-04-21T00:00:00,ICPUSD,-0.1583304035309511,-0.47486980045748706,-0.98363449709616424,-1.3774479008002598,-0.5298976748614721
2025-04-22T00:00:00,ICPUSD,0.39040858060072103,-0.53323630835597791,-0.81827066325964437,-1.3480237440355711,-0.52639675781680917
2025-04-23T00:00:00,ICPUSD,1.1918098703767539,-0.13592066463532948,-0.79276574026158342,-1.2133823286512431,-0.47126215358171536
2025-04-24T00:00:00,ICPUSD,-0.04921143477913021,0.022688268535389494,-0.89181291526862105,-1.1105423251766355,-0.39736376040931215
2025-04-25T00:00:00,ICPUSD,0.7394523682981794,0.24503365398426719,-0.74865997835122811,-1.1062911039999483,-0.41988946383156206
2025-04-26T00:00:00,ICPUSD,-0.14218023097043217,0.32298273686660356,-0.87663898897343639,-1.1114104200938899,-0.44501082557881111
2025-04-27T00:00:00,ICPUSD,-0.88659189347557632,0.58232289141039606,-0.90699670879295002,-1.1410866145920939,-0.46728708594927137
2025-04-28T00:00:00,ICPUSD,-0.10427548977496087,0.50155835630416468,-0.80447739788123795,-1.2464877065789601,-0.43670656345749342
2025-04-29T00:00:00,ICPUSD,-0.48821873484130485,0.55530394425033791,-0.72059464403416684,-1.3141653412473746,-0.50838607956190784
2025-04-30T00:00:00,ICPUSD,-0.24720232981654328,-0.076427664871002235,-0.78084510321828593,-1.3534320795648791,-0.54148587750095378
2025-05-01T00:00:00,ICPUSD,0.078882154559912251,0.13922500112059033,-0.84823037961340708,-1.2830841542226701,-0.56575098297964088
2025-05-02T00:00:00,ICPUSD,0.25661109209969479,-0.097089259352263188,-0.82392176286176266,-1.2934205355943307,-0.5394672405014892
2025-05-03T00:00:00,ICPUSD,-1.273382275723479,-0.58127559608135571,-0.94062412201726908,-1.38745595545127,-0.60778176968068476
2025-05-04T00:00:00,ICPUSD,-0.88765350716713998,-0.50196976768679857,-1.2654751811143126,-1.3696702271787684,-0.71170980782498383
2025-05-05T00:00:00,ICPUSD,-0.1180541486649517,-0.45090650825002304,-0.94923611005970776,-1.4074247327993712,-0.7622170852181428
2025-05-06T00:00:00,ICPUSD,-0.30437622332109998,-0.3237806014865246,-0.88599662554608194,-1.405527135370036,-0.86193822351142579
2025-05-07T00:00:00,ICPUSD,-0.15638474051665743,-0.2034984170702846,-1.0352626616849621,-1.5133356563957545,-0.89824360865614894
2025-05-08T00:00:00,ICPUSD,3.377223522823011,0.4781998880126288,-0.48039212705737411,-1.0724768636148001,-0.57835847710203869
2025-05-09T00:00:00,ICPUSD,1.0936902340633949,0.67667316616763828,-0.3719345324145677,-1.1610165776144876,-0.49482688407965619
2025-05-10T00:00:00,ICPUSD,0.80426493854772363,0.69358719119536394,-0.20273983256652642,-1.1453460857062003,-0.45334368042794576
2025-05-11T00:00:00,ICPUSD,0.46888423800577489,0.88877942576280544,0.1001410681219931,-1.121105865301244,-0.39526041043082044
2025-05-12T00:00:00,ICPUSD,0.30153943311535691,1.0201785305940734,0.34275913102093475,-1.1332826023412204,-0.39750373454539972
2025-05-13T00:00:00,ICPUSD,0.44266746718069733,1.0510086817787554,0.23218578267078388,-1.037922505203799,-0.34054322585992303
2025-05-14T00:00:00,ICPUSD,-0.81365958428090379,0.55791518282794872,0.13277631908553711,-1.0388522889348273,-0.3736087073639579
2025-05-15T00:00:00,ICPUSD,-1.2715383408534489,0.25521602873345201,0.042120682798866972,-1.0079801752877651,-0.41256610755698231
2025-05-16T00:00:00,ICPUSD,-0.10103332601594675,0.077576430573825766,-0.15196616818528297,-1.061740123876159,-0.43481165638490699
2025-05-17T00:00:00,ICPUSD,-0.87471014066958863,-0.086530119681805892,-0.34850239872247735,-1.1161904232598097,-0.4488042171389206
2025-05-18T00:00:00,ICPUSD,-0.32144443080688734,0.031398318463085495,-0.27632194743367666,-1.1303190184719161,-0.51108499263200169
2025-05-19T00:00:00,ICPUSD,0.43991421652304852,0.15089907427468827,-0.43612692507643269,-1.0592908872021063,-0.44038762358100869
2025-05-20T00:00:00,ICPUSD,0.29438503097447566,0.3280505881418182,-0.26760684119846767,-1.1154607833808654,-0.37484643005023255
2025-05-21T00:00:00,ICPUSD,0.15545118793207693,0.42528805288321198,-0.36350200665257809,-1.1986199278743688,-0.40953650800084884
2025-05-22T00:00:00,ICPUSD,1.6691602968609092,0.78584206636371556,-0.087391924588074724,-1.1097989358932479,-0.36416465440198253
2025-05-23T00:00:00,ICPUSD,-1.2264515677222005,0.41786771149212532,-0.19856704082793081,-1.1966792623752869,-0.48092209508400047
2025-05-24T00:00:00,ICPUSD,-0.55867361393799198,0.57198769505903235,-0.30308910716730875,-1.1435351003984808,-0.63174541174231236
2025-05-25T00:00:00,ICPUSD,-0.58737897644058479,0.63522528596884398,-0.37897200679636239,-1.1889669383506425,-0.66807122351921822
2025-05-26T00:00:00,ICPUSD,0.75773947563387167,0.85054648079934048,-0.42391009354535258,-1.0856351638341186,-0.61487267498036435
2025-05-27T00:00:00,ICPUSD,0.48558950115463795,1.0548237122487285,-0.43393872209780365,-1.0824222220542283,-0.60904810289509437
2025-05-28T00:00:00,ICPUSD,-0.69391898061444823,0.92002793720354736,-0.49086184369227231,-1.0220866455362165,-0.65202867702505629
2025-05-29T00:00:00,ICPUSD,0.22750737486090733,0.12337052386580281,-0.43298863726455467,-1.0234130212323433,-0.62447705888652749
2025-05-30T00:00:00,ICPUSD,-1.5424014095656959,-0.47102988253050565,-0.36505475044024838,-1.0640452929567374,-0.61501082309819122
2025-05-31T00:00:00,ICPUSD,-0.34023812201800985,-0.72189667820416803,-0.23886190406717239,-1.1141101848971093,-0.63187041178546755
2025-06-01T00:00:00,ICPUSD,0.2554552246873239,-0.78539853134879234,-0.24099871235062947,-1.1173777461139742,-0.62882886990826325
2025-06-02T00:00:00,ICPUSD,0.24023123995885476,-0.81697905513825742,-0.20488875088528377,-1.0737291360466115,-0.66387811038107547
2025-06-03T00:00:00,ICPUSD,1.7256980112816009,-0.55733216251702278,-0.079011023164929736,-0.91839240671674005,-0.60908388775419597
2025-06-04T00:00:00,ICPUSD,-0.51793759146926999,-0.48797833499420973,-0.044418565344717158,-0.97254244158946024,-0.6459766388834377
2025-06-05T00:00:00,ICPUSD,-1.9170379825761816,-0.58633733456640769,-0.186375733821635,-1.0762560221425947,-0.66671669191531657
2025-06-06T00:00:00,ICPUSD,0.70970338109150133,-0.43044487877555498,-0.07031715361555485,-1.068225279183703,-0.68994711812087528
2025-06-07T00:00:00,ICPUSD,1.0992948263702849,-0.0087098511919962169,0.12554484502180963,-0.91984600239267544,-0.72194016138235872
2025-06-08T00:00:00,ICPUSD,2.1715585117211478,0.53916625317201117,0.67646628907594319,-0.5583465151745125,-0.58218279283257623
2025-06-09T00:00:00,ICPUSD,1.3353566308999347,0.75219608317208697,0.8354487926888482,-0.41168747282948953,-0.55318848646591245
2025-06-10T00:00:00,ICPUSD,0.67642456072750945,0.86004617654688142,1.0582618792292517,-0.27242511332533859,-0.57639988433424671
2025-06-11T00:00:00,ICPUSD,0.076578269538966598,0.85711555215677748,0.71137242980651216,-0.26634262186735008,-0.55785538285105996
2025-06-12T00:00:00,ICPUSD,-1.405701398440155,0.13057616002365297,0.59459199186041933,-0.33345413826566522,-0.60479798248473415
2025-06-13T00:00:00,ICPUSD,-1.5415581705404349,0.031467193301682621,0.1923479485316241,-0.41217573820097053,-0.60289672277931206
2025-06-14T00:00:00,ICPUSD,0.26471493897465448,0.20797137311954297,0.11176865968702861,-0.4581116211151075,-0.51185335815449773
2025-06-15T00:00:00,ICPUSD,-0.3540633500387631,0.25594279421033111,0.21642904041527875,-0.47349376173404495,-0.49926500119411893
2025-06-16T00:00:00,ICPUSD,1.2135394518206288,0.36905245759992911,0.42827259013000163,-0.41375429998833835,-0.43005090218970032
2025-06-17T00:00:00,ICPUSD,-2.0501402207900332,-0.21819800983083221,0.20743503381842435,-0.54184878264531455,-0.55118174496732397
2025-06-18T00:00:00,ICPUSD,0.13406303404084605,-0.065067017217370113,0.30992863475085392,-0.59297330179383145,-0.51726959584388443
2025-06-19T00:00:00,ICPUSD,-0.60187048016288336,-0.23598753055945401,0.18800281278796852,-0.60317889315619788,-0.5838715122842334
2025-06-20T00:00:00,ICPUSD,-0.2576704591051665,0.007245801753854266,0.12371712323542143,-0.65441928919845671,-0.57884858171853426
2025-06-21T00:00:00,ICPUSD,-0.81079758353367215,-0.10556481306959178,-0.07520670251448143,-0.67582590395560371,-0.59639647788643646
2025-06-22T00:00:00,ICPUSD,-1.5840427732418201,-0.48477273785044606,-0.23757655479034995,-0.73517212964539258,-0.6133633785750473
2025-06-23T00:00:00,ICPUSD,1.5822942287117643,-0.19845699639704192,-0.029253160176508957,-0.64254994843498636,-0.56406732898971501
2025-06-24T00:00:00,ICPUSD,0.65781182597997656,-0.35919807503236828,0.008134679830101384,-0.51632112503692362,-0.56367062115310385
2025-06-25T00:00:00,ICPUSD,-0.30823109829707174,-0.33723167590952979,-0.16161037026900399,-0.60306598600869243,-0.5695932050699023
2025-06-26T00:00:00,ICPUSD,-0.39387319422147088,-0.046483356917568934,-0.20552949746795593,-0.68584737000748375,-0.56886103828042611
2025-06-27T00:00:00,ICPUSD,-0.40653556813115116,-0.26919808760967839,-0.333081453148452,-0.67244336114799752,-0.65052505958469542
2025-06-28T00:00:00,ICPUSD,0.59088022382070138,-0.35672263551665423,-0.25508316942255632,-0.70399884074068686,-0.5863674045888988
2025-06-29T00:00:00,ICPUSD,0.41808978961919568,-0.68963582489710185,-0.11004904555047132,-0.65327718721429895,-0.58091081802873679
2025-06-30T00:00:00,ICPUSD,0.35163439745547526,-0.88289052651736499,-0.056959794126271307,-0.55886303815976734,-0.5364946117460595
2025-07-01T00:00:00,ICPUSD,-1.2239367955257909,-1.2141844651510048,-0.15478962397870066,-0.54939089176595779,-0.62594943472959119
2025-07-02T00:00:00,ICPUSD,1.7029645914221985,-0.89805133394633196,0.082002094673696804,-0.43186078416968976,-0.54640631759941172
2025-07-03T00:00:00,ICPUSD,-0.34969634489608459,-0.71121206998223885,0.029284959760554726,-0.50128420951394326,-0.59649689941617146
2025-07-04T00:00:00,ICPUSD,-1.1547157098579375,-0.62469860346251826,-0.143763649585785,-0.57025153233874992,-0.60837116255149915
2025-07-05T00:00:00,ICPUSD,0.050988690837789147,-0.67649896652067976,-0.0012815477646744126,-0.57618994177049399,-0.60706567789365551
2025-07-06T00:00:00,ICPUSD,0.44324377783628288,-0.53031061657156697,0.15683594366143444,-0.70775551503925871,-0.61854640905950686
2025-07-07T00:00:00,ICPUSD,-0.52802093305471998,-0.87072665663059856,0.10223184930591689,-0.52873897136442738,-0.66219662755645414
2025-07-08T00:00:00,ICPUSD,0.48251069050037837,-0.32463605708953908,0.20149503779359004,-0.43303566633526192,-0.62535721918612397
2025-07-09T00:00:00,ICPUSD,1.4010131268732546,-0.062609712064047751,0.40440143897198211,-0.4046847550266493,-0.53455340498984549
2025-07-10T00:00:00,ICPUSD,0.79890250523176853,0.25672680243607388,0.060611958992418398,-0.32463459572196096,-0.50841555726155729
2025-07-11T00:00:00,ICPUSD,1.0022614409860655,0.5517258696780426,0.040597745842154843,-0.25537778084713081,-0.45496720717949768
2025-07-12T00:00:00,ICPUSD,-1.0585129682433285,0.49658867173894744,-0.1948055211052912,-0.27940959211980315,-0.53875340526513649
2025-07-13T00:00:00,ICPUSD,1.287824798741678,1.2505018848516745,-0.099812338658150423,0,-0.49473849711667955
2025-07-14T00:00:00,ICPUSD,-0.41903628181034031,0.7206509695742177,-0.18881517945016565,0.1002987417258128,-0.47700072408093785
2025-07-15T00:00:00,ICPUSD,0.22825041111373495,0.61104898268360663,-0.21830180692356141,0.0028825392551631293,-0.47450983804039926
2025-07-16T00:00:00,ICPUSD,0.99526119303118521,0.94068517697062803,0.0033704601593598366,0.09899690753926764,-0.40307246702643151
2025-07-17T00:00:00,ICPUSD,-0.66387602619848052,0.88673841068994153,0.092529896028883854,0.097567103733733757,-0.36297033462199202
2025-07-18T00:00:00,ICPUSD,0.78960098456442851,1.2112064630492698,0.20976492726941412,0.029274120600646551,-0.29462998985847805
2025-07-21T00:00:00,ICPUSD,1.6138727009827252,1.4420259739490253,0.55306168119129751,0.097455279311524992,-0.28271759052739731
2025-07-22T00:00:00,ICPUSD,-0.11362957866281383,1.3143464671806806,0.59358326104055725,0.18486157014356433,-0.35360156045727348
2025-07-23T00:00:00,ICPUSD,-1.987044372992552,0.61595884677147428,0.20578580717040115,-0.16460134968350745,-0.43255261702593034
2025-07-24T00:00:00,ICPUSD,0.36949774699702875,1.0345137674808829,0.22121672161537712,-0.034569392961362161,-0.48617300967717753
2025-07-25T00:00:00,ICPUSD,-0.31205783346486282,0.53839673788810394,0.16287464002443247,-0.13895981735962495,-0.5099280281854266
2025-07-26T00:00:00,ICPUSD,0.40658861492486736,0.73498383892059849,0.011805989513142762,-0.052596100245580549,-0.56137719142520204
2025-07-28T00:00:00,ICPUSD,-0.3963492680471738,0.96310128328005795,0.12331413996359473,-0.059533185251765527,-0.64239100411909034
2025-07-29T00:00:00,ICPUSD,-0.81768025454938298,0.74425294360188388,0.089096013372707103,-0.15704350042425713,-0.62527739829475992
2025-07-30T00:00:00,ICPUSD,0.20739293096520012,0.69254743343173375,0.19617387445300316,-0.14652634363122372,-0.57167366673643449
2025-07-31T00:00:00,ICPUSD,-0.53234474666292553,0.70723220272825915,0.030144638233615358,-0.28380430127465706,-0.56481309436558924
2025-08-01T00:00:00,ICPUSD,-1.228538640989191,0.28490838867257051,-0.18330733032879296,-0.41542414391831162,-0.67488118714785961
2025-08-03T00:00:00,ICPUSD,0.146194789941758,-0.0045288501106476239,-0.084171568917575226,-0.39596834801861269,-0.75095032112852589
2025-08-04T00:00:00,ICPUSD,0.85525478417227807,-0.0044065827941497313,-0.007620832463550364,-0.30569393117764182,-0.69592817172940935
2025-08-05T00:00:00,ICPUSD,-1.2078917673310343,-0.48009096947721724,0.036802896939862516,-0.23459592454830017,-0.76006423939584145
2025-08-06T00:00:00,ICPUSD,0.58398809449985722,-0.12533774016404764,0.15617762026409021,-0.065260465761384473,-0.72947654667465611
2025-08-07T00:00:00,ICPUSD,0.80479520730823684,-0.24806802145047599,0.22937181083962441,-0.017052463689597768,-0.69658087753449072
2025-08-08T00:00:00,ICPUSD,0.8568267279071683,0.029267664997406538,0.31363072184605523,0.067456551036130477,-0.68941270667821219
2025-08-09T00:00:00,ICPUSD,1.3671306133108123,0.27378595578830955,0.26381817202159802,0.12637550127098701,-0.76636541914635559
2025-08-10T00:00:00,ICPUSD,-0.32489941540633832,-0.026917655303273127,0.29427494434810941,0.17394294118603634,-0.83466804787818161
2025-08-11T00:00:00,ICPUSD,-0.9248033823513212,-0.076548922526984794,0.45483775002430787,0.16495476181831736,-0.86989122868955182
2025-08-12T00:00:00,ICPUSD,1.3514970603995549,0.035683651159825025,0.53594244660035473,0.31964189506583957,-0.86483420192484339
2025-08-13T00:00:00,ICPUSD,1.0329843931411788,-0.10464278646317382,0.52225314053298932,0.47549686415588677,-0.76239282735830316
2025-08-14T00:00:00,ICPUSD,-2.1060629254045637,-0.52710397486827854,-0.093187239741382627,0.41283323810634442,-0.82734436795147381
2025-08-15T00:00:00,ICPUSD,-0.51723089077243822,-0.19644106702913802,-0.31708161135476265,0.33610190756507102,-0.83950409104283374
2025-08-16T00:00:00,ICPUSD,0.53464728715979382,-0.16821452149431543,-0.34074276006912196,0.46453036968382799,-0.87314531648053906
2025-08-17T00:00:00,ICPUSD,0.20434205170004199,-0.057037542872045252,-0.33243398469744789,0.24122613289810951,-0.92248191157358006
2025-08-18T00:00:00,ICPUSD,-0.91158315523039013,-0.34037126637111176,-0.26001667033802045,0.23435171635962773,-0.93991142448376974
2025-08-19T00:00:00,ICPUSD,-1.0504493597548983,-0.47440271984964655,-0.17774548242815733,0.016907405207905343,-0.99595638613314497
2025-08-20T00:00:00,ICPUSD,0.95322956431464301,-0.10633550734095586,-0.099698758303018969,0.013216189339752459,-1.0215061204131455
2025-08-21T00:00:00,ICPUSD,-0.79161979642055635,-0.31950292730427804,-0.1508845424403723,0.051572390294424494,-1.0728025648661543
2025-08-22T00:00:00,ICPUSD,1.942567012559502,0.21034006419339782,-0.065565086761232877,0.26158096293722033,-0.96512213074904618
2025-08-23T00:00:00,ICPUSD,-0.52393400015408742,0.37070321378496357,0.1731058348105676,0.29506579977244335,-1.0076858110533331
2025-08-24T00:00:00,ICPUSD,-0.45247547184423464,0.23804729786019554,0.095882927031712084,0.31885431404295794,-1.0118014023778537
2025-08-25T00:00:00,ICPUSD,-1.9934407249253814,-0.3852927152773018,-0.09094371778341169,0.070276724799762838,-0.99571687238155948
2025-08-26T00:00:00,ICPUSD,1.0672386223482133,0.076463609477770644,0.07388125981153934,0.14392805808417788,-0.87761492903888683
2025-08-27T00:00:00,ICPUSD,-0.081775144773046121,-0.056274174027795935,0.17613077724101084,0.0664622472353429,-0.86403028216009237
2025-08-28T00:00:00,ICPUSD,-0.20599981778045923,-0.25703157684977529,0.39267214335685757,0.074694825044968938,-0.9439738504122227
2025-08-29T00:00:00,ICPUSD,-0.94240554211820016,-0.60756926255737864,0.036130297151757348,0.0022985154968476174,-1.0052258132043401
2025-08-31T00:00:00,ICPUSD,-0.08910323275741068,-0.87457687892865854,-0.065557124083651719,-0.040044219164350858,-1.0228840112752047
2025-09-01T00:00:00,ICPUSD,-0.88326465369200291,-0.986544360977747,-0.13363306462726415,-0.21598250498524102,-1.0028041301037154
2025-09-02T00:00:00,ICPUSD,1.0473246127294531,-0.62567784379668234,0.048237663888215182,-0.12645378117343475,-0.99043808850524329
2025-09-03T00:00:00,ICPUSD,0.22345910245949183,-0.83512257651464505,0.13569378685512834,-0.17133446067992139,-0.99601879169474428
2025-09-04T00:00:00,ICPUSD,-0.94717512394680947,-1.1861999507278438,-0.067097897307941509,-0.23862430475533533,-0.99841333287147838
2025-09-05T00:00:00,ICPUSD,0.39515073197866041,-0.71042730928908959,-0.07493559736463129,-0.13528346786228984,-0.94864812928329545
2025-09-07T00:00:00,ICPUSD,0.072455976714302206,-0.60137488794076444,-0.11366546669519545,-0.12256846767194579,-0.87608805686119129
2025-09-08T00:00:00,ICPUSD,0.31019581356316361,-0.6592760939310891,0.098297851058324878,-0.055327811321703099,-0.89475489353071003
2025-09-09T00:00:00,ICPUSD,-0.045357255229550329,-0.72072495036659456,-0.14597531470751271,-0.038346403168719505,-0.89759573771455958
2025-09-10T00:00:00,ICPUSD,0.1788694174799049,-0.50171910151224919,-0.076318726512531743,-0.030272670629424261,-0.89471514453587775
2025-09-11T00:00:00,ICPUSD,0.17476547341187962,-0.23343738941681288,0.12377208337381157,-0.038102031501885993,-0.96329384020487119
2025-09-12T00:00:00,ICPUSD,0.31729619593413322,-0.38680813494955241,0.15897529391348197,0.11128473252190629,-0.99108342663238469
2025-09-13T00:00:00,ICPUSD,0.55840109489371081,-0.086892990951452725,0.16475514233902189,0.25444514840522997,-0.99274962105616393
2025-09-14T00:00:00,ICPUSD,-1.1145563354957808,-0.76157210340483494,0.097371262878497747,0.15575787180323455,-0.95591548806858706
2025-09-15T00:00:00,ICPUSD,-1.1316329770345055,-0.86291846973859854,-0.11715341800644404,0.076183390452015637,-0.98780353255479436
2025-09-16T00:00:00,ICPUSD,0.71750834971357214,-0.63180841115160902,-0.22604194650881934,0.15706062472600049,-1.0097648918056978
2025-09-17T00:00:00,ICPUSD,-0.21659945316710433,-0.16568770837938177,-0.36362352683075749,-0.21101207415454495,-0.98488970182076074
2025-09-18T00:00:00,ICPUSD,1.2453107147175353,-0.17446065734057087,-0.35238611576759066,-0.21862148573757093,-0.94530705322910802
2025-09-19T00:00:00,ICPUSD,-1.3371000000219326,-0.43646317463095458,-0.36002694770305588,-0.39947627447484552,-0.94687514779484883
2025-09-20T00:00:00,ICPUSD,0.11200306131905927,-0.37084757033774352,-0.52015117549085133,-0.44042373882736902,-1.0160872589561118
2025-09-21T00:00:00,ICPUSD,-0.11344499145185948,-0.16024616925867741,-0.48587529869772633,-0.48332834472904995,-1.037741380388812
2025-09-22T00:00:00,ICPUSD,-2.4158341639050906,-0.64285461126803589,-0.73675518162570808,-0.6531916777275335,-1.1134857006838708
2025-09-23T00:00:00,ICPUSD,0.071343774688731806,-0.44371011873738886,-0.84659135154194354,-0.59663482862069384,-1.1349037514342339
2025-09-24T00:00:00,ICPUSD,0.085455058800458769,-0.66162503148420848,-0.77928191082757636,-0.49410974204705838,-1.1376852881061652
2025-09-25T00:00:00,ICPUSD,-1.6873580921237661,-1.0175996546722164,-1.0024742856551867,-0.59516430751905636,-1.1512278661140276
2025-09-26T00:00:00,ICPUSD,0.8440584189706255,-0.66788840773447089,-1.0809966114329352,-0.46771545718172963,-1.0810051151261701
2025-09-27T00:00:00,ICPUSD,-0.094027406887334394,-0.77815869887183398,-1.0964276335883374,-0.45618181586735351,-1.0775432088924708
2025-09-28T00:00:00,ICPUSD,0.047938827440986848,-0.79648235257792543,-0.88540948776316741,-0.49548086176383832,-1.0445070373678604
2025-09-29T00:00:00,ICPUSD,0.75503054121309199,-0.71950685896998667,-0.85893251928472047,-0.4670098417018711,-1.050079873620043
2025-09-30T00:00:00,ICPUSD,-0.38033930183971471,-0.79495410832894309,-0.87349912870090385,-0.51424720149327996,-1.0831532309326377
2025-10-01T00:00:00,ICPUSD,1.4634808571401097,-0.53239316588474661,-0.75735628092887153,-0.52807666724463476,-1.0077989215630594
2025-10-02T00:00:00,ICPUSD,0.66306594187422463,-0.44034892122362029,-0.6516376604780062,-0.38023141609825267,-0.95211714282782933
2025-10-03T00:00:00,ICPUSD,0.52831132200748854,-0.40357970395551529,-0.50380929937437557,-0.29456759006439071,-0.98516120815475317
2025-10-04T00:00:00,ICPUSD,-1.0372054735152902,-0.72269636796258918,-0.64028252033912758,-0.32498720459332786,-1.0613621751849158
2025-10-05T00:00:00,ICPUSD,0.40714952094854662,-0.42371890744104662,-0.54250877807030418,-0.36325565710725694,-1.0775412405368388
2025-10-06T00:00:00,ICPUSD,0.87713808605250765,0.0055121001693478689,-0.2881547878390317,-0.33919673000618128,-1.0888314426929331
2025-10-07T00:00:00,ICPUSD,-1.2860836082851037,-0.42184191935250415,-0.45239003738813044,-0.37744644620198498,-1.0488373164636755
2025-10-08T00:00:00,ICPUSD,0.25860995693569444,-0.33073009316927365,-0.53367845008955217,-0.38251598489442523,-1.0627199159431779
2025-10-09T00:00:00,ICPUSD,-1.2523643934519246,-0.82514737757743362,-0.51883844664437495,-0.34192200758467262,-1.0366821834254836
2025-10-10T00:00:00,ICPUSD,-1.6723436905866909,-0.87314692509767877,-0.74915766966425823,-0.43571428074841462,-1.0584950055155888
2025-10-11T00:00:00,ICPUSD,-4.4094540374493105,-1.396086465873237,-0.95974401577946467,-0.61393638983744236,-0.76028392964225666
2025-10-12T00:00:00,ICPUSD,2.376965275659598,-0.91070195230207995,-0.73301188891465952,-0.43036206833660279,-0.63443601657987647
2025-10-13T00:00:00,ICPUSD,0.89367748530255475,-0.49170201369651778,-0.72942561436299302,-0.44069025544586776,-0.6081697184767153
2025-10-14T00:00:00,ICPUSD,-0.77912677438832345,-0.6504645497001148,-0.78376976191879855,-0.47380372592262926,-0.63891854352960098
2025-10-15T00:00:00,ICPUSD,-1.1179449667768655,-0.85900379394879001,-0.82840591634543492,-0.46576390765740233,-0.66535190949245637
2025-10-16T00:00:00,ICPUSD,-0.91770180484187824,-0.84642664531213685,-0.9622426559016154,-0.55082180681545712,-0.67740229670758345
2025-10-17T00:00:00,ICPUSD,-0.60895570683576872,-1.0413574031919639,-1.0588797171234392,-0.63017184345130872,-0.69226658066253899
2025-10-18T00:00:00,ICPUSD,0.26860673294732718,-1.0039957968184434,-0.95331675891073675,-0.69959687597328091,-0.69962713929664044
2025-10-19T00:00:00,ICPUSD,0.26807906442760088,-0.97954632304195655,-0.92118137745007389,-0.74148739125779639,-0.71756094312246721
2025-10-20T00:00:00,ICPUSD,0.60537782506904048,-0.9639569044329056,-0.91077328107748834,-0.74162067458715741,-0.71529068665777573
2025-10-21T00:00:00,ICPUSD,-0.33346298657312934,-0.99617884857410277,-0.96037980443454285,-0.77179199935703369,-0.70712288214070351
2025-10-22T00:00:00,ICPUSD,-1.1552086815489817,-1.316408393874366,-0.99983261483528274,-0.77713695898126467,-0.68261789003526985
2025-10-23T00:00:00,ICPUSD,0.42838462622080448,-1.3290040011027708,-0.92605646051691404,-0.70663214885150039,-0.66526755688567385
2025-10-24T00:00:00,ICPUSD,0.73200194387387041,-1.2768481514763017,-0.9246581782941744,-0.68307443648513055,-0.62320915353724071
2025-10-25T00:00:00,ICPUSD,-0.035177639832968483,-1.2025887235205239,-0.89967179247889395,-0.68218685240693455,-0.63331799700358293
2025-10-26T00:00:00,ICPUSD,0.61559294274285126,-1.1577434230583392,-0.96619675113666492,-0.70349365183806722,-0.60967388817794077
2025-10-27T00:00:00,ICPUSD,-0.34338505129398927,-1.3129776494078427,-0.97783460964977265,-0.63748491349304537,-0.62014652758496192
2025-10-28T00:00:00,ICPUSD,-0.57072460044009965,-1.2883645558630121,-1.0084178641266039,-0.68353329201701518,-0.66397324210083719
2025-10-29T00:00:00,ICPUSD,0.53758938623322083,-1.2453320318471204,-0.8481692303448628,-0.63313675890817067,-0.65005134164430667
2025-10-30T00:00:00,ICPUSD,-2.0307816272300689,-1.3881756325983574,-1.0326994631733333,-0.70809605260063535,-0.68612496530642197
2025-10-31T00:00:00,ICPUSD,0.67519485107946142,-1.1289914112950954,-0.98626771234307919,-0.64315305334931572,-0.67429489943267218
2025-11-01T00:00:00,ICPUSD,2.7857281970517476,0.39734755212061035,-0.64142106063799775,-0.33142415874832143,-0.52881930231359386
2025-11-02T00:00:00,ICPUSD,2.6013484618567539,0.46888840799802717,-0.29418061861285016,-0.19568582749945457,-0.38533522218476918
2025-11-03T00:00:00,ICPUSD,-0.90224740509565082,0.069309036484774517,-0.38479514977684176,-0.29282003692267133,-0.42643312524081795
2025-11-04T00:00:00,ICPUSD,3.7232189627450345,1.0436820805060796,0.12937781035105511,0.047149699047978472,-0.19035268772572148
2025-11-05T00:00:00,ICPUSD,0.69770594956453957,1.5406053848954961,0.162829555626541,0.13174176649181688,-0.15234771659464699
2025-11-06T00:00:00,ICPUSD,2.4827300397660288,2.5731475173163285,0.48433046924550616,0.39480502501938625,-0.029085778231208198
2025-11-07T00:00:00,ICPUSD,1.6704048556841744,3.5163414339097425,0.84232389879223435,0.56494493235929111,0.11667229010582056
2025-11-08T00:00:00,ICPUSD,1.593488241085939,4.2783192156748866,1.1305312594348733,0.76123158676992964,0.20027215384269337
2025-11-09T00:00:00,ICPUSD,-1.4836280434782878,3.0774048919686625,0.72753313315529389,0.46822939831253474,0.047462404980631943
2025-11-10T00:00:00,ICPUSD,-1.1935220020869219,2.2313845815791895,0.45480185106326959,0.35499071085722195,-0.014890365268990062
2025-11-11T00:00:00,ICPUSD,-0.74763226349938405,1.970553041473204,0.32788177435442922,0.18677444728483553,-0.082035758622924559
2025-11-12T00:00:00,ICPUSD,0.24279129469328894,2.3974876349442309,0.36238273607556343,0.23221715755892938,-0.057730320628717795
2025-11-13T00:00:00,ICPUSD,-0.8884169428430001,1.8828823337098914,0.20752188976509589,0.18125134762607978,-0.08191152486748815
2025-11-14T00:00:00,ICPUSD,-0.63049938582704623,1.4895328392142504,0.10141884911910382,0.11237457368694422,-0.089244465335979642
2025-11-15T00:00:00,ICPUSD,-0.40592142096535366,1.3632878821532481,0.023306540704277595,0.056144925175158039,-0.11640332133190803
2025-11-16T00:00:00,ICPUSD,-0.48196945583575757,1.0984052450150097,0.0097033880839586095,0.030400882591323147,-0.15298048555842164
2025-11-17T00:00:00,ICPUSD,0.94715903669243173,1.4817211779313773,0.18600807504645939,0.09898990602312531,-0.10679640981456136
2025-11-18T00:00:00,ICPUSD,-0.55083575802285867,1.4003510085046325,0.075216864558736884,-0.0048861498450263477,-0.1362402588628257
2025-11-19T00:00:00,ICPUSD,-0.28178161060623769,1.224052487377647,0.048385912448150901,-0.057121582269868638,-0.1972845198497061
2025-11-20T00:00:00,ICPUSD,-0.48664361890603669,1.4840094684543172,-0.066777411862987801,-0.1299496318608834,-0.1572905279171295
2025-11-21T00:00:00,ICPUSD,-0.72542284542371938,1.1080455738929194,-0.098306731315451368,-0.15352372476618345,-0.17441853834112603
2025-11-22T00:00:00,ICPUSD,-0.83141549311196317,0.3828965885825808,-0.19980211317813382,-0.2512074457329887,-0.23163113555681589
2025-11-23T00:00:00,ICPUSD,0.30417482673041363,0.043058680064623461,-0.16599439861347828,-0.22327907441426093,-0.2171807684304268
2025-11-24T00:00:00,ICPUSD,0.29244581529829416,0.27192289475079323,-0.019701743856709465,-0.21356861964274557,-0.20979251699238566
2025-11-25T00:00:00,ICPUSD,0.18178239945041183,-0.36256549356997364,-0.00095111260047949669,-0.23336530106969847,-0.19068109142255851
2025-11-26T00:00:00,ICPUSD,-0.17655696512815028,-0.52006974844929743,-0.027300834067913834,-0.22944264068765735,-0.15876214101376779
2025-11-27T00:00:00,ICPUSD,-0.36139685653514991,-0.95164020355179613,0.014573442497661812,-0.27947590923956878,-0.14546905603150487
2025-11-28T00:00:00,ICPUSD,-0.27405575954515521,-1.2137817643809528,-0.061890545590395835,-0.34426024348491624,-0.18914502877598977
2025-11-29T00:00:00,ICPUSD,-0.083636161977241857,-1.4204864808689586,-0.06836735708715197,-0.35191358192475936,-0.19449628511013281
2025-11-30T00:00:00,ICPUSD,-0.023630732357538011,-1.2409081290703288,-0.074710903106679508,-0.29719959073878405,-0.18501813978964868
2025-12-01T00:00:00,ICPUSD,-0.83331593765609646,-1.1612693563864416,-0.20849125627269646,-0.36245706953419687,-0.2547154159107527
2025-12-02T00:00:00,ICPUSD,0.32166585538630404,-1.012226233342574,-0.15907696778135005,-0.33982296604239959,-0.26132712002456343
2025-12-03T00:00:00,ICPUSD,-0.1125955494402355,-1.0841985874405839,-0.24106379614928916,-0.36402007860450353,-0.25021807105102611
2025-12-04T00:00:00,ICPUSD,-0.36907302763114608,-0.98875754106240188,-0.31266607276426861,-0.38003948369634999,-0.30432015385092787
2025-12-05T00:00:00,ICPUSD,-0.69279914410959598,-0.97964627267759885,-0.40674333981086708,-0.40139613396173185,-0.31110010699140861
2025-12-06T00:00:00,ICPUSD,0.15863942556686322,-0.89498124735817519,-0.35388906007325455,-0.404596105028732,-0.32738940632918778
2025-12-07T00:00:00,ICPUSD,-0.22589551866624322,-0.8465750257694391,-0.39882176678876047,-0.4091151519792921,-0.32911984286649165
2025-12-08T00:00:00,ICPUSD,0.11492044521316556,-1.0192935898755799,-0.43074097157915586,-0.37158518527185957,-0.32389749090011738
2025-12-09T00:00:00,ICPUSD,0.4422669335738087,-0.8576066191358751,-0.33608985188719381,-0.35404137138039204,-0.31768083075484993
2025-12-10T00:00:00,ICPUSD,-0.23448637851571622,-0.84921774836846853,-0.37669283420806371,-0.40022949868498914,-0.33283709099674585
2025-12-11T00:00:00,ICPUSD,-0.25811277465343263,-0.79879806901342543,-0.34931865034855974,-0.38358758459371556,-0.36956931086866568
2025-12-12T00:00:00,ICPUSD,-0.63683112419493493,-0.74960030566224312,-0.33472614865620526,-0.44415065940205262,-0.40556624857361701
2025-12-13T00:00:00,ICPUSD,-0.10739012384204143,-0.5795378278754616,0.10085713810218502,-0.48101327005771233,-0.41222295648566787
2025-12-14T00:00:00,ICPUSD,-0.65660445420978275,-0.77001382294289278,-0.21344283889311358,-0.54556928191141096,-0.43233368664835253
2025-12-15T00:00:00,ICPUSD,-0.47944901129607748,-0.92097826057356225,-0.34950243341087689,-0.61251634051434656,-0.41653215414820177
2025-12-16T00:00:00,ICPUSD,0.39489297441205057,-0.90982881633636425,-0.23850438435953258,-0.59322310193673233,-0.37944862255093476
2025-12-17T00:00:00,ICPUSD,-0.91661971103889639,-1.0229985135404112,-0.23130724472788652,-0.61728814487308881,-0.4195946994821641
2025-12-18T00:00:00,ICPUSD,-0.43929994300513453,-1.0318606916927311,-0.19053963699483847,-0.68038606126171741,-0.43912675787285443
2025-12-19T00:00:00,ICPUSD,0.64333826184910825,-0.88510605882430304,-0.052893073515277819,-0.68246753862003984,-0.43411198750567281
2025-12-20T00:00:00,ICPUSD,1.6067650804395242,-0.58147297908911089,0.11517707833739972,-0.52475048660492551,-0.34934550994285418
2025-12-21T00:00:00,ICPUSD,-1.0269882086752646,-0.76029020294066474,-0.049677615613858486,-0.56470556315330045,-0.37261174575453776
2025-12-22T00:00:00,ICPUSD,-0.039244448307035225,-0.59332359795375333,-0.11567679080089903,-0.59142411143829765,-0.37459323834154312
2025-12-23T00:00:00,ICPUSD,-0.025004916934488659,-0.6777528066946964,-0.08672824376230763,-0.60834494618038526,-0.37165771954369814
2025-12-24T00:00:00,ICPUSD,-0.07640233777409508,-0.67775692141079491,0.029465104123149195,-0.59528923483641827,-0.33479785539564516
2025-12-25T00:00:00,ICPUSD,0.52259371337116223,-0.50848774876174541,0.049133036626775775,-0.54150612017663313,-0.32388152923593949
2025-12-26T00:00:00,ICPUSD,-0.56265429894376162,-0.45466035022953394,-0.098795849895662702,-0.60782809775254942,-0.33502753803827379
2025-12-27T00:00:00,ICPUSD,0.37296916096545002,-0.42818699303106478,-0.051753996120037317,-0.5716278504200889,-0.38450203448180925
2025-12-28T00:00:00,ICPUSD,-0.14291050895398388,-0.4080681878481226,-0.13329564111222686,-0.65042811404197587,-0.37590891357513984
2025-12-29T00:00:00,ICPUSD,-0.41729816362355859,-0.52144946078729582,-0.14948296566288091,-0.66385321625747518,-0.42713204965813778
2025-12-30T00:00:00,ICPUSD,-0.65803497047937154,-0.74578297939992888,-0.17074727514839086,-0.68939145142611258,-0.47743570608137864
2025-12-31T00:00:00,ICPUSD,-0.36286297145145402,-0.7698470623595749,-0.26714646107209294,-0.64702633761054806,-0.47043013536021699
2026-01-01T00:00:00,ICPUSD,1.2921960066861278,-0.47545320669715951,0.12368250064020543,-0.60965403673951357,-0.40922548370628159
2026-01-02T00:00:00,ICPUSD,0.63815953538298675,-0.20017796110571989,0.1282863788209265,-0.57851166227919837,-0.36651364247872092
2026-01-03T00:00:00,ICPUSD,-0.016448004760371497,-0.18003493153891093,-0.20789640298413298,-0.58139394167654035,-0.35542066827913715
2026-01-04T00:00:00,ICPUSD,0.79443432838390948,0.16330697458711571,-0.43044952313354196,-0.50229479056162407,-0.33402816287890141
2026-01-05T00:00:00,ICPUSD,0.8110840255333055,0.48956291847121952,-0.22975619945331366,-0.45288146748404479,-0.30915509230027471
2026-01-06T00:00:00,ICPUSD,-0.046323861085602054,0.3734091416682957,-0.73731493552057392,-0.4241403806513801,-0.34051974066104951
2026-01-07T00:00:00,ICPUSD,-0.81983353701816919,0.44543761503013074,-0.8932645897097059,-0.52259515832141823,-0.36933910913053375
2026-01-08T00:00:00,ICPUSD,-0.2433066134292026,0.52314737875760708,-1.1844431301286145,-0.55435489157001494,-0.38064369565606854
2026-01-09T00:00:00,ICPUSD,0.062696014505521674,0.3625957691773371,-1.3554580677895962,-0.51979514683196615,-0.39587049523494389
2026-01-10T00:00:00,ICPUSD,0.051974753890829492,-0.056988288987548444,-1.5069530428037337,-0.54195576272477453,-0.43477253022291307
2026-01-11T00:00:00,ICPUSD,-0.29242652105026312,0.18002405048356646,-1.3929432918608382,-0.57085461007478888,-0.45153748315988101
2026-01-12T00:00:00,ICPUSD,-0.39183896825726933,0.10465518984342792,-1.2933389468778766,-0.61457361675478173,-0.49337394274501928
2026-01-13T00:00:00,ICPUSD,2.514408841046587,0.6644389730028446,-0.92447678309901093,-0.41086002232977564,-0.35001910133494762
2026-01-14T00:00:00,ICPUSD,3.9498227939151289,1.5160175798407973,-0.41240852800460692,-0.046343829026581865,-0.062271469101154595
2026-01-15T00:00:00,ICPUSD,-1.2415024947871061,0.94749034137398902,-0.4164344007156322,-0.15731507382787102,-0.13015324096985154
2026-01-16T00:00:00,ICPUSD,0.026675253626928148,1.10823462590335,-0.34055651478989607,-0.16825072920564765,-0.11896734239646096
2026-01-17T00:00:00,ICPUSD,-0.53464370454456789,0.87016729623791211,-0.34506997635854231,-0.22738471483465536,-0.14262143515085535
2026-01-18T00:00:00,ICPUSD,0.47470982046391219,1.0531053923664642,-0.23631321823962226,-0.15953050602460653,-0.12232105274931961
2026-01-19T00:00:00,ICPUSD,-0.94148502876305329,0.86087480537781957,-0.44774102054194365,-0.19469181101675809,-0.17758560393413395
2026-01-20T00:00:00,ICPUSD,-0.82230255847936362,0.7698892894112177,-0.46069643280480838,-0.2772451428409094,-0.1904409391346959
2026-01-21T00:00:00,ICPUSD,0.46525616136770043,0.99236140711361909,-0.39078897055159251,-0.24309619070798227,-0.15015215200795987
2026-01-22T00:00:00,ICPUSD,-0.47206698586480106,0.59602552536600961,-0.38047021614683207,-0.31547346250322017,-0.17334365762996976
2026-01-23T00:00:00,ICPUSD,-0.57916522994758102,0.32684985678960587,-0.34780678704761059,-0.31651475555383729,-0.19709085240187504
2026-01-24T00:00:00,ICPUSD,0.13249887615176395,0.36765860026002006,-0.22220744701526771,-0.3164992731861791,-0.19061236524216965
2026-01-25T00:00:00,ICPUSD,-0.97283082946808719,-0.0072465533894854267,-0.3671907418386845,-0.37727269194597601,-0.31384079153393712
2026-01-26T00:00:00,ICPUSD,0.55981204708801802,-0.024498484547385079,-0.35343007286566147,-0.26400531513457703,-0.32039623458191663
2026-01-27T00:00:00,ICPUSD,-0.18487220467770316,-0.057053934060471656,-0.40011827767434283,-0.2835863996173586,-0.35039486378923618
2026-01-28T00:00:00,ICPUSD,-0.38855008691593201,0.0018969052279208438,-0.42201214545590832,-0.31709443969885021,-0.3796312196368527
2026-01-29T00:00:00,ICPUSD,-0.68823753635572182,-0.10771631744883353,-0.44879946129759773,-0.30759261753784312,-0.41339848671607299
2026-01-30T00:00:00,ICPUSD,-0.27148280050815116,-0.17683526699950211,-0.44864098167935068,-0.3589078471138672,-0.43732371358969924
2026-01-31T00:00:00,ICPUSD,-1.5759065213142571,-0.50455617927729146,-0.5792196834510247,-0.44914353411978664,-0.46428371062851231
2026-02-01T00:00:00,ICPUSD,-0.32009076758335164,-0.5306072968559824,-0.61320725411639354,-0.47592835197557071,-0.45840452429124168
2026-02-02T00:00:00,ICPUSD,0.37045020908424048,-0.41398655014869029,-0.49700425172421625,-0.48275952782635562,-0.45133340144911988
2026-02-03T00:00:00,ICPUSD,0.021922734810177227,-0.77326919188576615,-0.53852973701676987,-0.47870600682274356,-0.44128330791715958
2026-02-04T00:00:00,ICPUSD,-0.37231853484489807,-1.4289837814630972,-0.56798188595040622,-0.54746532865674391,-0.45407265081262393
2026-02-05T00:00:00,ICPUSD,-2.0120655084585826,-1.4405294088927492,-0.68584239449135953,-0.64240565443364062,-0.50452620931594294
2026-02-06T00:00:00,ICPUSD,1.5232040478527393,-1.2227307995743424,-0.47647794769460766,-0.56818011142188407,-0.45278622261578994
2026-02-07T00:00:00,ICPUSD,0.011248837141444239,-1.160376332422391,-0.49926558227244316,-0.55203502018678885,-0.46243695776011245
2026-02-08T00:00:00,ICPUSD,-0.47317757780941588,-1.3085154199341067,-0.52703952856517133,-0.59294996832985492,-0.50812949554632536
2026-02-09T00:00:00,ICPUSD,0.13777014891643607,-1.1639698292921714,-0.53443351092681213,-0.61587348038617151,-0.4924450008085674
2026-02-10T00:00:00,ICPUSD,-0.45757908813015052,-1.1089511602753228,-0.62395237082628563,-0.61563504737078178,-0.50365590209463584
2026-02-11T00:00:00,ICPUSD,0.0063172641060453517,-1.2005022426137013,-0.61168186659348911,-0.63165142690620879,-0.50201346930939106
2026-02-12T00:00:00,ICPUSD,-0.10915239215022234,-1.157970016356374,-0.6066289389988534,-0.61593486007644205,-0.52593814300996278
2026-02-13T00:00:00,ICPUSD,0.28205438729446647,-1.0324590882665825,-0.52598417325236935,-0.56373979941568864,-0.53348509824725521
2026-02-14T00:00:00,ICPUSD,1.1001509598442312,-0.88303700011799036,-0.40967214323013046,-0.22871707200739813,-0.48681431373838246
2026-02-15T00:00:00,ICPUSD,-1.0045374997999075,-0.86690049032829442,-0.44153131983573735,-0.43744599117299526,-0.52230572285045951
2026-02-16T00:00:00,ICPUSD,0.071537354301894535,-0.96949477369061643,-0.38962575404249467,-0.48899641101141023,-0.50117982721443233
2026-02-17T00:00:00,ICPUSD,-0.13822651053807397,-0.97412505417436279,-0.45177159224402946,-0.46065113421074233,-0.50764541709918498
2026-02-18T00:00:00,ICPUSD,-1.0249989175953644,-1.0707584167161694,-0.45661323714550939,-0.45903161667160641,-0.54427663667263371
2026-02-19T00:00:00,ICPUSD,-0.68378288446501378,-1.0678062340281065,-0.48311544979900939,-0.45186475597100734,-0.57364557855970322
2026-02-20T00:00:00,ICPUSD,0.4559927792193425,-0.96154049057103597,-0.51031825050450197,-0.39114664917105729,-0.59492244151035611
2026-02-21T00:00:00,ICPUSD,0.090132145812446246,-0.62952989119767877,-0.6659254537359236,-0.40814403913603353,-0.59373290441796511
2026-02-22T00:00:00,ICPUSD,-0.59783930468127644,-0.67884196189835733,-0.62116902720393019,-0.46763911220446475,-0.58290203939571872
2026-02-23T00:00:00,ICPUSD,-0.79244651325038429,-0.89750143525079962,-0.69379900669274996,-0.55335804672775379,-0.62231064820859716
