timestamp,asset_id,close,arithmetic_return,sigma_t
2024-01-02T00:00:00,USDCNH,7.1471,,
2024-01-03T00:00:00,USDCNH,7.1626,0.0021687117851996321,
2024-01-04T00:00:00,USDCNH,7.1759,0.0018568676179041255,
2024-01-05T00:00:00,USDCNH,7.1652000000000005,-0.0014911021614013478,
2024-01-08T00:00:00,USDCNH,7.1616,-0.00050242840395250542,
2024-01-09T00:00:00,USDCNH,7.183,0.0029881590705987298,
2024-01-10T00:00:00,USDCNH,7.1823,-9.7452317973011963e-05,
2024-01-11T00:00:00,USDCNH,7.1743,-0.0011138493240326925,
2024-01-12T00:00:00,USDCNH,7.18902,0.0020517681167501376,
2024-01-15T00:00:00,USDCNH,7.18141,-0.0010585587465329852,
2024-01-16T00:00:00,USDCNH,7.2183,0.0051368742350040644,
2024-01-17T00:00:00,USDCNH,7.2208,0.00034634193646696627,
2024-01-18T00:00:00,USDCNH,7.215,-0.00080323509860400584,
2024-01-19T00:00:00,USDCNH,7.20216,-0.0017796257796257437,
2024-01-22T00:00:00,USDCNH,7.1932,-0.0012440712230775322,
2024-01-23T00:00:00,USDCNH,7.166,-0.0037813490518822874,
2024-01-24T00:00:00,USDCNH,7.1601,-0.00082333240301429812,
2024-01-25T00:00:00,USDCNH,7.1781,0.0025139313696735791,
2024-01-26T00:00:00,USDCNH,7.18533,0.0010072303255737223,
2024-01-29T00:00:00,USDCNH,7.187,0.00023241799611149915,
2024-01-30T00:00:00,USDCNH,7.186,-0.00013914011409494001,
2024-01-31T00:00:00,USDCNH,7.1863,4.1747843028136515e-05,
2024-02-01T00:00:00,USDCNH,7.1867,5.5661466957955546e-05,
2024-02-02T00:00:00,USDCNH,7.2143,0.0038404274562733416,
2024-02-05T00:00:00,USDCNH,7.2194,0.00070692929320939645,
2024-02-06T00:00:00,USDCNH,7.2,-0.0026872039227636762,
2024-02-07T00:00:00,USDCNH,7.2115,0.0015972222222222004,
2024-02-08T00:00:00,USDCNH,7.214,0.00034666851556547053,
2024-02-09T00:00:00,USDCNH,7.21775,0.00051982256723028192,
2024-02-12T00:00:00,USDCNH,7.214,-0.00051955249212001721,
2024-02-13T00:00:00,USDCNH,7.2294,0.0021347380094260651,
2024-02-14T00:00:00,USDCNH,7.2222,-0.00099593327247075761,
2024-02-15T00:00:00,USDCNH,7.2167,-0.0007615408047408845,
2024-02-16T00:00:00,USDCNH,7.21091,-0.00080230576302190522,
2024-02-19T00:00:00,USDCNH,7.2096,-0.00018166916519553626,
2024-02-20T00:00:00,USDCNH,7.2001,-0.0013176875277407989,
2024-02-21T00:00:00,USDCNH,7.1983,-0.00024999652782603656,
2024-02-22T00:00:00,USDCNH,7.2003,0.0002778433796869633,
2024-02-23T00:00:00,USDCNH,7.2043800000000005,0.00056664305653932241,
2024-02-26T00:00:00,USDCNH,7.2095,0.00071067878151899141,
2024-02-27T00:00:00,USDCNH,7.2124,0.00040224703516186398,
2024-02-28T00:00:00,USDCNH,7.2127,4.1595030780348984e-05,
2024-02-29T00:00:00,USDCNH,7.2051,-0.0010536969512110654,
2024-03-01T00:00:00,USDCNH,7.20871,0.00050103398981278719,
2024-03-04T00:00:00,USDCNH,7.2091,5.4101219219573893e-05,
2024-03-05T00:00:00,USDCNH,7.21,0.00012484221331368392,
2024-03-06T00:00:00,USDCNH,7.2075,-0.00034674063800282814,
2024-03-07T00:00:00,USDCNH,7.1987,-0.001220950398890034,
2024-03-08T00:00:00,USDCNH,7.19984,0.00015836192645899441,
2024-03-11T00:00:00,USDCNH,7.1782,-0.003005622347163223,
2024-03-12T00:00:00,USDCNH,7.18594,0.001078264746036622,
2024-03-13T00:00:00,USDCNH,7.19034,0.00061230681024326882,
2024-03-14T00:00:00,USDCNH,7.20088,0.0014658555784566199,
2024-03-15T00:00:00,USDCNH,7.20493,0.00056243125840179688,
2024-03-18T00:00:00,USDCNH,7.20494,1.387938536477304e-06,
2024-03-19T00:00:00,USDCNH,7.21084,0.00081888259999395702,
2024-03-20T00:00:00,USDCNH,7.21104,2.7736019659226094e-05,
2024-03-21T00:00:00,USDCNH,7.22057,0.0013215846812666002,
2024-03-22T00:00:00,USDCNH,7.27584,0.0076545203495013911,
2024-03-25T00:00:00,USDCNH,7.24914,-0.0036696793772265398,
2024-03-26T00:00:00,USDCNH,7.24685,-0.00031589954118688,0.0020156994171594634
2024-03-27T00:00:00,USDCNH,7.2522400000000005,0.00074377143172553971,0.001981537888620313
2024-03-28T00:00:00,USDCNH,7.26102,0.0012106604304324992,0.0019515944350843772
2024-03-29T00:00:00,USDCNH,7.2564,-0.00063627424246181228,0.0019301459350395899
2024-04-01T00:00:00,USDCNH,7.2579,0.00020671407309410408,0.0018980198409417092
2024-04-02T00:00:00,USDCNH,7.2539,-0.00055112360324617972,0.0018753292215920368
2024-04-03T00:00:00,USDCNH,7.248,-0.00081335557424276215,0.0018578524805974862
2024-04-04T00:00:00,USDCNH,7.2477,-4.1390728476847267e-05,0.0018282654153859226
2024-04-05T00:00:00,USDCNH,7.24667,-0.00014211404997448659,0.0018000423421151127
2024-04-08T00:00:00,USDCNH,7.24,-0.00092042275969510571,0.0017853100987207037
2024-04-09T00:00:00,USDCNH,7.2367,-0.00045580110497241746,0.0017611187196231606
2024-04-10T00:00:00,USDCNH,7.2612,0.0033855210247764511,0.0018177356359019127
2024-04-11T00:00:00,USDCNH,7.253,-0.0011292899245303174,0.001808827107572402
2024-04-12T00:00:00,USDCNH,7.26537,0.0017055011719288252,0.0017946956271170436
2024-04-15T00:00:00,USDCNH,7.2581,-0.0010006372696779531,0.0017828382925936211
2024-04-16T00:00:00,USDCNH,7.2605,0.00033066505008206334,0.0017529408419266544
2024-04-17T00:00:00,USDCNH,7.24283,-0.0024337166861787395,0.0017957975821027677
2024-04-18T00:00:00,USDCNH,7.2492,0.00087949047540815276,0.0017691067745313426
2024-04-19T00:00:00,USDCNH,7.249,-2.7589251227779902e-05,0.0017404636433984632
2024-04-22T00:00:00,USDCNH,7.249,0,0.0017121205106366711
2024-04-23T00:00:00,USDCNH,7.2589,0.0013657056145675293,0.001694976774720333
2024-04-24T00:00:00,USDCNH,7.2722999999999995,0.0018460097259915217,0.0016894985494608121
2024-04-25T00:00:00,USDCNH,7.2535,-0.0025851518776727729,0.0017437847848675735
2024-04-26T00:00:00,USDCNH,7.26768,0.0019549183152961364,0.0017415454401995213
2024-04-29T00:00:00,USDCNH,7.2428,-0.0034233758228211005,0.0018401003366008382
2024-04-30T00:00:00,USDCNH,7.2536,0.001491136024741771,0.0018244070401675283
2024-05-01T00:00:00,USDCNH,7.2336,-0.0027572515716333371,0.0018731978176436878
2024-05-02T00:00:00,USDCNH,7.205,-0.0039537712895377072,0.0019837347671168219
2024-05-03T00:00:00,USDCNH,7.19043,-0.0020222068008327512,0.001984535193400101
2024-05-06T00:00:00,USDCNH,7.2122,0.003027635343087975,0.0020290465677434209
2024-05-07T00:00:00,USDCNH,7.2237,0.0015945203959956524,0.0020148024025994672
2024-05-08T00:00:00,USDCNH,7.2291,0.00074753934964074493,0.0019848391429181304
2024-05-09T00:00:00,USDCNH,7.2213,-0.0010789724862015444,0.00196359763944741
2024-05-10T00:00:00,USDCNH,7.23322,0.0016506723166188817,0.001951695880229193
2024-05-13T00:00:00,USDCNH,7.2389,0.00078526575992433618,0.001922962118580983
2024-05-14T00:00:00,USDCNH,7.2388,-1.3814253546777403e-05,0.00189127243408087
2024-05-15T00:00:00,USDCNH,7.2169,-0.0030253633198873394,0.0019450616362374699
2024-05-16T00:00:00,USDCNH,7.2202,0.00045726004240051861,0.0019142843741636461
2024-05-17T00:00:00,USDCNH,7.23272,0.0017340239882550927,0.0019066667229748343
2024-05-20T00:00:00,USDCNH,7.2462,0.001863752502516395,0.0019014538498848457
2024-05-21T00:00:00,USDCNH,7.2448,-0.00019320471419506636,0.0018710389093708035
2024-05-22T00:00:00,USDCNH,7.2525,0.0010628312720849032,0.0018472838747723211
2024-05-23T00:00:00,USDCNH,7.2565,0.0005515339538089706,0.0018178831911133107
2024-05-24T00:00:00,USDCNH,7.25985,0.00046165506787021102,0.0017884085215116342
2024-05-27T00:00:00,USDCNH,7.2572,-0.00036502131586741338,0.001761745435756637
2024-05-28T00:00:00,USDCNH,7.2624,0.00071652979110405047,0.0017351979327711298
2024-05-29T00:00:00,USDCNH,7.2717,0.0012805684071380869,0.0017174248326807095
2024-05-30T00:00:00,USDCNH,7.2509,-0.0028604040320695814,0.0017783258672449118
2024-05-31T00:00:00,USDCNH,7.2616,0.0014756788812423192,0.0017653658030442419
2024-06-03T00:00:00,USDCNH,7.2504,-0.0015423598105100329,0.0017634931670722264
2024-06-04T00:00:00,USDCNH,7.2459,-0.00062065541211521718,0.0017394443132156107
2024-06-05T00:00:00,USDCNH,7.2578,0.0016423080638705752,0.001732971910430622
2024-06-06T00:00:00,USDCNH,7.258,2.7556559839127844e-05,0.0017044309248948637
2024-06-07T00:00:00,USDCNH,7.26202,0.000553871589969646,0.0016778269550531784
2024-06-10T00:00:00,USDCNH,7.2649,0.00039658387060352573,0.0016506137051395383
2024-06-11T00:00:00,USDCNH,7.2693,0.00060565183278509047,0.0016252138586193448
2024-06-12T00:00:00,USDCNH,7.2618,-0.0010317362056869691,0.0016131038214010323
2024-06-13T00:00:00,USDCNH,7.2694,0.0010465724751439107,0.0015947246374190466
2024-06-14T00:00:00,USDCNH,7.26965,3.4390733760737549e-05,0.0015685337998076277
2024-06-17T00:00:00,USDCNH,7.2684,-0.00017194775539408904,0.00154378362154487
2024-06-18T00:00:00,USDCNH,7.2699,0.00020637279181113545,0.0015182734995362491
2024-06-19T00:00:00,USDCNH,7.2801,0.0014030454339124623,0.0015098336413172525
2024-06-20T00:00:00,USDCNH,7.2903,0.0014010796554992664,0.0015004996538064337
2024-06-21T00:00:00,USDCNH,7.28927,-0.00014128362344486322,0.0014772485439455531
2024-06-24T00:00:00,USDCNH,7.2807,-0.0011757007217457639,0.0014744382498635196
2024-06-25T00:00:00,USDCNH,7.2878,0.00097518095787485265,0.0014570843976119915
2024-06-26T00:00:00,USDCNH,7.2993,0.0015779796372018776,0.0014540419756149693
2024-06-27T00:00:00,USDCNH,7.3022,0.00039729837107672613,0.0014302393910294484
2024-06-28T00:00:00,USDCNH,7.29768,-0.00061899153679717089,0.0014153198350834466
2024-07-01T00:00:00,USDCNH,7.3044,0.00092084059591548322,0.0013974915957133175
2024-07-02T00:00:00,USDCNH,7.30676,0.00032309293028852111,0.0013744463756221723
2024-07-03T00:00:00,USDCNH,7.3015,-0.00071988131538463292,0.0013629322780088411
2024-07-04T00:00:00,USDCNH,7.2899,-0.0015887146476750819,0.0013791842362090672
2024-07-05T00:00:00,USDCNH,7.2851,-0.00065844524616254804,0.0013643290555154692
2024-07-08T00:00:00,USDCNH,7.2839,-0.00016471977049043498,0.0013428393020944289
2024-07-09T00:00:00,USDCNH,7.2873,0.00046678290476256809,0.0013220716636002023
2024-07-10T00:00:00,USDCNH,7.2908,0.00048028762367404067,0.0013016895710337292
2024-07-11T00:00:00,USDCNH,7.267,-0.0032643879958303068,0.0014191689715083713
2024-07-12T00:00:00,USDCNH,7.27102,0.00055318563368648554,0.0013988092498888106
2024-07-15T00:00:00,USDCNH,7.2727,0.00023105423998288381,0.0013760596881410635
2024-07-16T00:00:00,USDCNH,7.2871,0.001980007425027748,0.0013966596885901027
2024-07-17T00:00:00,USDCNH,7.2711,-0.0021956608252940149,0.0014351682414604312
2024-07-18T00:00:00,USDCNH,7.2764,0.00072891309430486207,0.0014167819035079559
2024-07-19T00:00:00,USDCNH,7.28402,0.0010472211533175996,0.0014044353247357662
2024-07-22T00:00:00,USDCNH,7.2946,0.001452494638949376,0.0014024379722382973
2024-07-23T00:00:00,USDCNH,7.2876,-0.00095961396101221078,0.0013934066188878056
2024-07-24T00:00:00,USDCNH,7.263,-0.0033755969043306987,0.001506369376861666
2024-07-25T00:00:00,USDCNH,7.2397,-0.0032080407545091389,0.0015890991434140834
2024-07-26T00:00:00,USDCNH,7.26209,0.0030926695857562726,0.0016654168489940774
2024-07-29T00:00:00,USDCNH,7.2702,0.0011167583987530152,0.0016502654543136795
2024-07-30T00:00:00,USDCNH,7.2418,-0.0039063574592171366,0.0017702600771274924
2024-07-31T00:00:00,USDCNH,7.2251,-0.0023060565052886398,0.0017855424001226871
2024-08-01T00:00:00,USDCNH,7.2495,0.0033771158876693716,0.0018680771658448876
2024-08-02T00:00:00,USDCNH,7.16142,-0.012149803434719719,0.0028448279016569183
2024-08-05T00:00:00,USDCNH,7.1368,-0.0034378656746845799,0.0028487350775978021
2024-08-06T00:00:00,USDCNH,7.1578,0.0029424952359600812,0.0028709675933199954
2024-08-07T00:00:00,USDCNH,7.1723,0.0020257621056749219,0.002857879857506448
2024-08-08T00:00:00,USDCNH,7.1835,0.001561563236339883,0.0028316162656556137
2024-08-09T00:00:00,USDCNH,7.17274,-0.0014978770794181562,0.0027932212689536712
2024-08-12T00:00:00,USDCNH,7.1772,0.00062179864319631111,0.0027523708225338007
2024-08-13T00:00:00,USDCNH,7.1459,-0.0043610321573872655,0.0028034044489542815
2024-08-14T00:00:00,USDCNH,7.1464,6.997019269787191e-05,0.0027585406957841975
2024-08-15T00:00:00,USDCNH,7.1781,0.0044357998432777122,0.0028494479807201507
2024-08-16T00:00:00,USDCNH,7.16131,-0.002339059082486928,0.002827169477850458
2024-08-19T00:00:00,USDCNH,7.1318,-0.0041207544429720461,0.002862745564262502
2024-08-20T00:00:00,USDCNH,7.1153,-0.0023135814240443837,0.002835242313419706
2024-08-21T00:00:00,USDCNH,7.1306,0.0021502958413559328,0.0028290397835465885
2024-08-22T00:00:00,USDCNH,7.1441,0.0018932488149664296,0.0028132194579367003
2024-08-23T00:00:00,USDCNH,7.11487,-0.0040914880810739053,0.0028472219113570767
2024-08-26T00:00:00,USDCNH,7.1201,0.00073508019120518975,0.0028085152666944362
2024-08-27T00:00:00,USDCNH,7.1196,-7.0223732812702482e-05,0.0027628494189773506
2024-08-28T00:00:00,USDCNH,7.1307,0.0015590763526040631,0.0027403068962133458
2024-08-29T00:00:00,USDCNH,7.0917,-0.0054693087635154618,0.0028472420266687573
2024-08-30T00:00:00,USDCNH,7.08781,-0.00054852856155790158,0.00280017993545235
2024-09-02T00:00:00,USDCNH,7.1142,0.0037232939370553295,0.0028575190118601819
2024-09-03T00:00:00,USDCNH,7.1185,0.00060442495291104391,0.0028158807756852771
2024-09-04T00:00:00,USDCNH,7.1109,-0.0010676406546323034,0.0027723188786626281
2024-09-05T00:00:00,USDCNH,7.0877,-0.0032625968583442477,0.0027753714395728183
2024-09-06T00:00:00,USDCNH,7.08861,0.00012839143868958737,0.0027316049542958952
2024-09-09T00:00:00,USDCNH,7.1181,0.0041601950170766927,0.0028111258217062424
2024-09-10T00:00:00,USDCNH,7.1341,0.002247790843062055,0.002802225719388081
2024-09-11T00:00:00,USDCNH,7.1269,-0.0010092373249604148,0.0027595898970296695
2024-09-12T00:00:00,USDCNH,7.1161,-0.0015153853709185898,0.0027236004047586811
2024-09-13T00:00:00,USDCNH,7.09861,-0.0024578069448153413,0.0027068993104040762
2024-09-16T00:00:00,USDCNH,7.0936,-0.00070577197507674244,0.0026629013612156239
2024-09-17T00:00:00,USDCNH,7.1087,0.002128679372955826,0.0026569225255157636
2024-09-18T00:00:00,USDCNH,7.0928,-0.0022366958796966197,0.0026364250702369096
2024-09-19T00:00:00,USDCNH,7.069,-0.0033555154522897142,0.002648493152033451
2024-09-20T00:00:00,USDCNH,7.04027,-0.0040642240769557742,0.0026845021540678024
2024-09-23T00:00:00,USDCNH,7.0594,0.0027172253336875626,0.0027051374183609958
2024-09-24T00:00:00,USDCNH,7.0084,-0.0072244100065161562,0.0029248042926673917
2024-09-25T00:00:00,USDCNH,7.0306,0.0031676274185263079,0.0029582646860605941
2024-09-26T00:00:00,USDCNH,6.9701,-0.0086052399510709379,0.003248873306259168
2024-09-27T00:00:00,USDCNH,6.98017,0.0014447425431485632,0.0032208912246890252
2024-09-30T00:00:00,USDCNH,7.0049,0.0035428936544525304,0.0032598258449592979
2024-10-01T00:00:00,USDCNH,7.0278,0.0032691401733072451,0.0032804757135925316
2024-10-02T00:00:00,USDCNH,7.0335,0.00081106462904465665,0.0032345150808922463
2024-10-03T00:00:00,USDCNH,7.0485,0.0021326508850500717,0.0032142574302687029
2024-10-04T00:00:00,USDCNH,7.09562,0.0066851103071576216,0.0034042010371148164
2024-10-07T00:00:00,USDCNH,7.0697,-0.0036529577401270309,0.0034075547548235987
2024-10-08T00:00:00,USDCNH,7.0722,0.00035362179441836321,0.0033528924076466531
2024-10-09T00:00:00,USDCNH,7.0899,0.0025027572749640133,0.0033334024376463264
2024-10-10T00:00:00,USDCNH,7.0805,-0.0013258297014062676,0.0032853707307853408
2024-10-11T00:00:00,USDCNH,7.06725,-0.0018713367700021477,0.0032455506021916419
2024-10-14T00:00:00,USDCNH,7.0928,0.0036152676076268496,0.0032654219839968537
2024-10-15T00:00:00,USDCNH,7.1322,0.0055549289420256673,0.0033679520851313599
2024-10-16T00:00:00,USDCNH,7.1345,0.00032248114186365619,0.0033125436656963663
2024-10-17T00:00:00,USDCNH,7.1344,-1.401639918701618e-05,0.0032578481655942239
2024-10-18T00:00:00,USDCNH,7.11681,-0.0024655191747028782,0.0032367852574213688
2024-10-21T00:00:00,USDCNH,7.1329,0.0022608443951714547,0.0032088500047162127
2024-10-22T00:00:00,USDCNH,7.1339,0.00014019543243273363,0.0031558238786079554
2024-10-23T00:00:00,USDCNH,7.1331,-0.00011214062434291368,0.0031038603167089797
2024-10-24T00:00:00,USDCNH,7.1216,-0.0016122022682984738,0.0030676211617144096
2024-10-25T00:00:00,USDCNH,7.13424,0.0017748820489777869,0.0030332654340940015
2024-10-28T00:00:00,USDCNH,7.14347,0.001293760793020648,0.0029910674380164391
2024-10-29T00:00:00,USDCNH,7.14176,-0.00023937946124223946,0.0029423349504311236
2024-10-30T00:00:00,USDCNH,7.12403,-0.002482581324491352,0.0029308778372511119
2024-10-31T00:00:00,USDCNH,7.12028,-0.0005263874520461231,0.0028841230857701329
2024-11-01T00:00:00,USDCNH,7.13652,0.0022808091816613686,0.0028657209216151839
2024-11-04T00:00:00,USDCNH,7.10991,-0.0037287081098350177,0.0029001731357235373
2024-11-05T00:00:00,USDCNH,7.10036,-0.0013431956241358818,0.0028617517149390407
2024-11-06T00:00:00,USDCNH,7.20208,0.014326034172915086,0.0038236843720959417
2024-11-07T00:00:00,USDCNH,7.14731,-0.0076047475173838036,0.0040249356605689419
2024-11-08T00:00:00,USDCNH,7.19932,0.0072768636032297619,0.0041616328258480273
2024-11-11T00:00:00,USDCNH,7.2244,0.0034836623458882215,0.0041311513244193443
2024-11-12T00:00:00,USDCNH,7.24138,0.0023503681966668814,0.0040770134961994166
2024-11-13T00:00:00,USDCNH,7.24002,-0.00018780950592290802,0.0040116484157280167
2024-11-14T00:00:00,USDCNH,7.2492,0.0012679522984742782,0.003947750368924868
2024-11-15T00:00:00,USDCNH,7.23785,-0.0015656900071732321,0.0039005942448503243
2024-11-18T00:00:00,USDCNH,7.22108,-0.0023169863978944262,0.0038683004220206583
2024-11-19T00:00:00,USDCNH,7.23242,0.0015704022113036515,0.0038105112923477935
2024-11-20T00:00:00,USDCNH,7.24813,0.0021721636741228313,0.0037609443933612377
2024-11-21T00:00:00,USDCNH,7.25406,0.00081814205871034507,0.003699327319086764
2024-11-22T00:00:00,USDCNH,7.25778,0.00051281627116406389,0.0036381838271199451
2024-11-25T00:00:00,USDCNH,7.2454,-0.0017057557545145042,0.003599419318137584
2024-11-26T00:00:00,USDCNH,7.25681,0.0015747922819995719,0.0035461608039476364
2024-11-27T00:00:00,USDCNH,7.24224,-0.0020077692539834957,0.0035151856229965047
2024-11-28T00:00:00,USDCNH,7.24796,0.00078981088723933056,0.0034579333031748353
2024-11-29T00:00:00,USDCNH,7.24692,-0.00014348865059957667,0.0034020524347588101
2024-12-02T00:00:00,USDCNH,7.28324,0.0050117843166476109,0.0034485741388272889
2024-12-03T00:00:00,USDCNH,7.2989,0.0021501419697826192,0.0034043118369882774
2024-12-04T00:00:00,USDCNH,7.27496,-0.0032799462932770183,0.0034185038963035824
2024-12-05T00:00:00,USDCNH,7.26218,-0.0017567106898182582,0.0033850422348186701
2024-12-06T00:00:00,USDCNH,7.28136,0.0026410802265986826,0.0033540393932046664
2024-12-09T00:00:00,USDCNH,7.26583,-0.0021328433149851184,0.0033308400313579009
2024-12-10T00:00:00,USDCNH,7.25548,-0.001424475937367081,0.0032913705844127986
2024-12-11T00:00:00,USDCNH,7.27796,0.0030983477316455744,0.0032757718151290704
2024-12-12T00:00:00,USDCNH,7.27424,-0.00051113224035311954,0.0032256906238919796
2024-12-13T00:00:00,USDCNH,7.27792,0.00050589477388704907,0.0031724763526666134
2024-12-16T00:00:00,USDCNH,7.29116,0.0018192010904213975,0.0031309328170662921
2024-12-17T00:00:00,USDCNH,7.28657,-0.00062952945758966037,0.0030848697382672065
2024-12-18T00:00:00,USDCNH,7.32358,0.0050792073636840851,0.0031490914553997094
2024-12-19T00:00:00,USDCNH,7.30645,-0.002339019987492438,0.0031396996813312173
2024-12-20T00:00:00,USDCNH,7.2913499999999996,-0.0020666671228846203,0.0031204190222892474
2024-12-23T00:00:00,USDCNH,7.30648,0.0020750615455299897,0.0030843081154434487
2024-12-24T00:00:00,USDCNH,7.30442,-0.00028194150945452318,0.0030358931383290049
2024-12-25T00:00:00,USDCNH,7.30448,8.2142045500539253e-06,0.0029864990479750888
2024-12-26T00:00:00,USDCNH,7.29973,-0.00065028585197024122,0.0029429315325338067
2024-12-27T00:00:00,USDCNH,7.29911,-8.4934648267882379e-05,0.002895311017763815
2024-12-30T00:00:00,USDCNH,7.31183,0.0017426782169332759,0.0028587263120879213
2024-12-31T00:00:00,USDCNH,7.33519,0.0031948226367407707,0.0028566619556886371
2025-01-01T00:00:00,USDCNH,7.33322,-0.0002685683670089019,0.0028125613141982853
2025-01-02T00:00:00,USDCNH,7.33856,0.00072819307207479722,0.0027665377246348642
2025-01-03T00:00:00,USDCNH,7.35612,0.0023928400122094221,0.0027429928595801875
2025-01-06T00:00:00,USDCNH,7.34565,-0.0014233046769220401,0.0027200756787737067
2025-01-07T00:00:00,USDCNH,7.33755,-0.0011026934308059565,0.0026896796638239159
2025-01-08T00:00:00,USDCNH,7.35086,0.0018139569747394853,0.002657327668664616
2025-01-09T00:00:00,USDCNH,7.35312,0.00030744701980444554,0.0026135258741285016
2025-01-10T00:00:00,USDCNH,7.36146,0.0011342124159541063,0.0025733060891884379
2025-01-13T00:00:00,USDCNH,7.34612,-0.0020838257628242401,0.0025718980483515007
2025-01-14T00:00:00,USDCNH,7.34168,-0.00060440069043247015,0.0025355988868528434
2025-01-15T00:00:00,USDCNH,7.34651,0.00065788756796810973,0.0024942936000012413
2025-01-16T00:00:00,USDCNH,7.34507,-0.00019601143944547163,0.0024551028593549394
2025-01-17T00:00:00,USDCNH,7.34169,-0.0004601726055708031,0.0024188233526435772
2025-01-20T00:00:00,USDCNH,7.26,-0.011126865885102755,0.0031435704672411512
2025-01-21T00:00:00,USDCNH,7.26506,0.00069696969696973646,0.0030945830774674822
2025-01-22T00:00:00,USDCNH,7.2798300000000005,0.0020330183095529004,0.0030659788232924247
2025-01-23T00:00:00,USDCNH,7.28515,0.00073078629583373856,0.0030178936143874569
2025-01-24T00:00:00,USDCNH,7.24221,-0.0058941820003705833,0.0031545447980318923
2025-01-27T00:00:00,USDCNH,7.24903,0.00094170149719495434,0.003108456660133352
2025-01-28T00:00:00,USDCNH,7.27307,0.003316305767806092,0.0031181289764515424
2025-01-29T00:00:00,USDCNH,7.26276,-0.0014175581975698842,0.0030772711983366981
2025-01-30T00:00:00,USDCNH,7.29205,0.004032902092317465,0.0031134313680818769
2025-01-31T00:00:00,USDCNH,7.31879,0.0036670072201918816,0.0031284041837950504
2025-02-03T00:00:00,USDCNH,7.30969,-0.0012433749294623985,0.0030877870051164123
2025-02-04T00:00:00,USDCNH,7.28514,-0.0033585555611796982,0.0031019773137110308
2025-02-05T00:00:00,USDCNH,7.28068,-0.0006122051189132821,0.0030530161116190287
2025-02-06T00:00:00,USDCNH,7.28765,0.00095732816165521907,0.0030071842946337237
2025-02-07T00:00:00,USDCNH,7.30168,0.0019251747819941938,0.0029764137489477886
2025-02-10T00:00:00,USDCNH,7.30872,0.0009641616723822374,0.0029311394765088841
2025-02-11T00:00:00,USDCNH,7.30792,-0.00010945829091823355,0.0028830564076821326
2025-02-12T00:00:00,USDCNH,7.30982,0.00025999189919977405,0.0028354826573347034
2025-02-13T00:00:00,USDCNH,7.26881,-0.005610261264983268,0.002973847974803569
2025-02-14T00:00:00,USDCNH,7.25845,-0.0014252676848067797,0.0029351637209458457
2025-02-17T00:00:00,USDCNH,7.26352,0.00069849623542215047,0.0028901246443558122
2025-02-18T00:00:00,USDCNH,7.27344,0.0013657290129303907,0.002853940994325785
2025-02-19T00:00:00,USDCNH,7.28202,0.0011796343958292437,0.0028149955837691756
2025-02-20T00:00:00,USDCNH,7.23438,-0.0065421407796188895,0.0030089150734736681
2025-02-21T00:00:00,USDCNH,7.24984,0.0021370179614562728,0.002988641231924652
2025-02-24T00:00:00,USDCNH,7.25096,0.00015448616797063549,0.0029396450781001967
2025-02-25T00:00:00,USDCNH,7.2525,0.00021238567031128553,0.0028916276359636237
2025-02-26T00:00:00,USDCNH,7.2637,0.0015442950706652402,0.0028590846878305144
2025-02-27T00:00:00,USDCNH,7.29904,0.0048652890400208851,0.0029468138340881748
2025-02-28T00:00:00,USDCNH,7.29368,-0.00073434314649592101,0.0029021290176976648
2025-03-03T00:00:00,USDCNH,7.30137,0.0010543374537956417,0.0028594195456388962
2025-03-04T00:00:00,USDCNH,7.2506,-0.0069534895505911874,0.0030857660435388077
2025-03-05T00:00:00,USDCNH,7.23431,-0.0022467106170524619,0.003058885204321449
2025-03-06T00:00:00,USDCNH,7.24095,0.00091784841954519218,0.0030147933112539844
2025-03-07T00:00:00,USDCNH,7.24116,2.9001719387655419e-05,0.0029651242063629597
2025-03-10T00:00:00,USDCNH,7.26115,0.0027606074164912738,0.0029622613415119688
2025-03-11T00:00:00,USDCNH,7.22521,-0.004949629190968384,0.0030435432998755928
2025-03-12T00:00:00,USDCNH,7.23892,0.0018975227017623787,0.0030169648685282992
2025-03-13T00:00:00,USDCNH,7.24607,0.00098771639968383727,0.0029739555219079677
2025-03-14T00:00:00,USDCNH,7.2354,-0.0014725223465960572,0.0029351676919148828
2025-03-17T00:00:00,USDCNH,7.22518,-0.001412499654476648,0.0028956135255271934
2025-03-18T00:00:00,USDCNH,7.22581,8.7195059500265806e-05,0.0028481722781306092
2025-03-19T00:00:00,USDCNH,7.22907,0.00045116049273369221,0.0028033645908815568
2025-03-20T00:00:00,USDCNH,7.25052,0.0029671866505649753,0.002813520528254202
2025-03-21T00:00:00,USDCNH,7.25599,0.00075442864787627153,0.0027708214746609543
2025-03-24T00:00:00,USDCNH,7.26205,0.0008351720440629908,0.0027294224410434179
2025-03-25T00:00:00,USDCNH,7.26446,0.00033186221521462356,0.0026849643045424704
2025-03-26T00:00:00,USDCNH,7.27684,0.001704187234839242,0.0026580226200125039
2025-03-27T00:00:00,USDCNH,7.26732,-0.0013082601788688764,0.0026257241084351752
2025-03-28T00:00:00,USDCNH,7.26875,0.00019677129946115519,0.002582511871701984
2025-03-31T00:00:00,USDCNH,7.26514,-0.00049664660361136554,0.0025415666489004007
2025-04-01T00:00:00,USDCNH,7.28092,0.0021720159556457754,0.0025295190204853387
2025-04-02T00:00:00,USDCNH,7.29348,0.0017250567236008201,0.0025051594872171636
2025-04-03T00:00:00,USDCNH,7.27957,-0.0019071828537269026,0.0024908978722590451
2025-04-04T00:00:00,USDCNH,7.29392,0.0019712702810743363,0.0024734479849620713
2025-04-07T00:00:00,USDCNH,7.34447,0.0069304297277733122,0.0027218580348231224
2025-04-08T00:00:00,USDCNH,7.42628,0.011138993011068183,0.0033040997248869296
2025-04-09T00:00:00,USDCNH,7.34319,-0.011188643573902455,0.0038887956258719671
2025-04-10T00:00:00,USDCNH,7.31063,-0.0044340402468137346,0.0039185305744430625
2025-04-11T00:00:00,USDCNH,7.27938,-0.0042745974013183542,0.0039352291921276065
2025-04-14T00:00:00,USDCNH,7.31137,0.004394605035044249,0.0039492547134103205
2025-04-15T00:00:00,USDCNH,7.32913,0.0024290933163005016,0.0039053007094087613
2025-04-16T00:00:00,USDCNH,7.29756,-0.0043074689628919555,0.0039263764121947129
2025-04-17T00:00:00,USDCNH,7.30146,0.00053442520513703111,0.0038623166114914835
2025-04-18T00:00:00,USDCNH,7.30255,0.00014928521145092619,0.0037984827041869906
2025-04-21T00:00:00,USDCNH,7.29348,-0.0012420318929689431,0.0037434749171501077
2025-04-22T00:00:00,USDCNH,7.311,0.0024021454778789006,0.003705598551016659
2025-04-23T00:00:00,USDCNH,7.28649,-0.0033524825605252707,0.0036977420522188616
2025-04-24T00:00:00,USDCNH,7.2868,4.2544489871076285e-05,0.0036366204220919835
2025-04-25T00:00:00,USDCNH,7.2881,0.00017840478673761248,0.0035766191287656666
2025-04-28T00:00:00,USDCNH,7.28393,-0.00057216558499474884,0.0035191359601890486
2025-04-29T00:00:00,USDCNH,7.26792,-0.0021979892722746698,0.0034835257954899004
2025-04-30T00:00:00,USDCNH,7.2680299999999995,1.5135004237717031e-05,0.0034259739512316309
2025-05-01T00:00:00,USDCNH,7.27684,0.0012121579024853267,0.0033771204462043577
2025-05-02T00:00:00,USDCNH,7.20986,-0.0092045448298986969,0.0037081638257251384
2025-05-05T00:00:00,USDCNH,7.19981,-0.0013939244312649165,0.0036519379563930842
2025-05-06T00:00:00,USDCNH,7.20947,0.0013417020726934927,0.0036045154480100453
2025-05-07T00:00:00,USDCNH,7.22761,0.0025161350279563842,0.0035808777174070666
2025-05-08T00:00:00,USDCNH,7.24362,0.0022151167536709417,0.0035485048005353512
2025-05-09T00:00:00,USDCNH,7.2386,-0.00069302365391890033,0.0034913111482201237
2025-05-12T00:00:00,USDCNH,7.19867,-0.0055162600502859701,0.0035663359945609574
2025-05-13T00:00:00,USDCNH,7.19548,-0.00044313741288321679,0.0035074487934407591
2025-05-14T00:00:00,USDCNH,7.21106,0.0021652481835819051,0.0034784193461964035
2025-05-15T00:00:00,USDCNH,7.2041,-0.00096518403674347622,0.0034233528394160611
2025-05-16T00:00:00,USDCNH,7.20913,0.00069821351730259794,0.003371254222894944
2025-05-19T00:00:00,USDCNH,7.21388,0.00065888671725986188,0.0033194418496623867
2025-05-20T00:00:00,USDCNH,7.21367,-2.9110547999141031e-05,0.0032647313291988738
2025-05-21T00:00:00,USDCNH,7.20318,-0.0014541835154643738,0.0032186144953664526
2025-05-22T00:00:00,USDCNH,7.20363,6.2472408019892268e-05,0.0031658897752047267
2025-05-23T00:00:00,USDCNH,7.17093,-0.0045393780635596456,0.0032081102723378208
2025-05-26T00:00:00,USDCNH,7.17586,0.00068749799537854621,0.00316084792942438
2025-05-27T00:00:00,USDCNH,7.19104,0.0021154258862352347,0.0031397294164292699
2025-05-28T00:00:00,USDCNH,7.19242,0.00019190548237809258,0.0030888956052827149
2025-05-29T00:00:00,USDCNH,7.18878,-0.00050608835412835535,0.0030381973357000358
2025-05-30T00:00:00,USDCNH,7.20437,0.0021686572686880875,0.0030194758346472612
2025-06-02T00:00:00,USDCNH,7.20847,0.00056909903294808772,0.0029725629484916552
2025-06-03T00:00:00,USDCNH,7.19102,-0.0024207633520012136,0.002951732242780811
2025-06-04T00:00:00,USDCNH,7.17071,-0.0028243559328162446,0.0029402489135991155
2025-06-05T00:00:00,USDCNH,7.17452,0.00053132813905464526,0.0028955872124570496
2025-06-06T00:00:00,USDCNH,7.18799,0.0018774775176597001,0.0028740080404021837
2025-06-09T00:00:00,USDCNH,7.18218,-0.00080829272160928367,0.002828533384116462
2025-06-10T00:00:00,USDCNH,7.18825,0.0008451472951109889,0.0027884801054759516
2025-06-11T00:00:00,USDCNH,7.19745,0.0012798664487183773,0.0027551558864418496
2025-06-12T00:00:00,USDCNH,7.17233,-0.0034901249748175052,0.0027753201671006241
2025-06-13T00:00:00,USDCNH,7.18878,0.002293536410064894,0.0027676011685728425
2025-06-16T00:00:00,USDCNH,7.18293,-0.0008137681219901815,0.0027242826651349577
2025-06-17T00:00:00,USDCNH,7.19171,0.0012223424145856618,0.0026912986645324672
2025-06-18T00:00:00,USDCNH,7.1943,0.00036013687982420546,0.002648382092683481
2025-06-19T00:00:00,USDCNH,7.185,-0.0012926900462867173,0.0026129445972929814
2025-06-20T00:00:00,USDCNH,7.17816,-0.00095198329853855444,0.0025735949674413347
2025-06-23T00:00:00,USDCNH,7.17494,-0.00044858292375758946,0.0025314635058777796
2025-06-24T00:00:00,USDCNH,7.1636,-0.0015805010216114101,0.0025018753903839511
2025-06-25T00:00:00,USDCNH,7.17163,0.0011209447763695136,0.0024727750939410402
2025-06-26T00:00:00,USDCNH,7.16249,-0.001274466195272256,0.0024394944581303635
2025-06-27T00:00:00,USDCNH,7.17045,0.0011113453561540393,0.0024113848364144311
2025-06-30T00:00:00,USDCNH,7.15661,-0.0019301438542908848,0.0023919249811014537
2025-07-01T00:00:00,USDCNH,7.16083,0.00058966465966429817,0.0023572276222566684
2025-07-02T00:00:00,USDCNH,7.16087,5.5859446461181244e-06,0.0023186278388047403
2025-07-03T00:00:00,USDCNH,7.16941,0.0011925925201826024,0.0022942901095714665
2025-07-04T00:00:00,USDCNH,7.16364,-0.0008048082059751155,0.0022592441942085521
2025-07-07T00:00:00,USDCNH,7.17886,0.0021246182108537325,0.0022604682448046443
2025-07-08T00:00:00,USDCNH,7.18035,0.00020755384559659155,0.0022238561766769289
2025-07-09T00:00:00,USDCNH,7.1832,0.00039691658484620714,0.0021889466122969486
2025-07-10T00:00:00,USDCNH,7.17742,-0.0008046553068271192,0.0021566087438995205
2025-07-11T00:00:00,USDCNH,7.17258,-0.00067433701803708485,0.0021233684788961194
2025-07-14T00:00:00,USDCNH,7.17186,-0.00010038228921814409,0.0020882757313428614
2025-07-15T00:00:00,USDCNH,7.18276,0.0015198288867881351,0.0020749865965711584
2025-07-16T00:00:00,USDCNH,7.17884,-0.00054575121541022159,0.0020424390554259074
2025-07-17T00:00:00,USDCNH,7.18424,0.00075221066356122291,0.0020143660908947258
2025-07-18T00:00:00,USDCNH,7.17983,-0.00061384363551329367,0.0019835404648084385
2025-07-21T00:00:00,USDCNH,7.17091,-0.0012423692482969398,0.0019618762359714008
2025-07-22T00:00:00,USDCNH,7.16875,-0.00030121700035280595,0.0019297245490660761
2025-07-23T00:00:00,USDCNH,7.15141,-0.0024188317349607548,0.0019420273424128336
2025-07-24T00:00:00,USDCNH,7.15383,0.00033839480605920604,0.0019123706397089449
2025-07-25T00:00:00,USDCNH,7.16708,0.0018521547199192888,0.0019159158785813939
2025-07-28T00:00:00,USDCNH,7.18146,0.0020063959101893742,0.0019223929510008709
2025-07-29T00:00:00,USDCNH,7.18045,-0.00014063992558615592,0.0018906920387613516
2025-07-30T00:00:00,USDCNH,7.2114,0.0043103148131384255,0.0020175233985864241
2025-07-31T00:00:00,USDCNH,7.20921,-0.00030368583076803124,0.0019854572666391295
2025-08-01T00:00:00,USDCNH,7.19174,-0.0024232890982506311,0.0020037487921361406
2025-08-04T00:00:00,USDCNH,7.18275,-0.0012500451907326781,0.0019833448324814342
2025-08-05T00:00:00,USDCNH,7.1883,0.00077268455675047855,0.0019560425057924364
2025-08-06T00:00:00,USDCNH,7.18433,-0.00055228635421446064,0.0019261223355205698
2025-08-07T00:00:00,USDCNH,7.17945,-0.000679256103213521,0.0018978336959375229
2025-08-08T00:00:00,USDCNH,7.1883,0.0012326849549756322,0.00188071777210793
2025-08-11T00:00:00,USDCNH,7.19516,0.00095432856169047544,0.0018577542569443615
2025-08-12T00:00:00,USDCNH,7.18542,-0.0013536877567698093,0.0018436136971476608
2025-08-13T00:00:00,USDCNH,7.18059,-0.0006721945272510322,0.0018168545428845562
2025-08-14T00:00:00,USDCNH,7.18066,9.7485025603765848e-06,0.0017868505423679294
2025-08-15T00:00:00,USDCNH,7.18816,0.0010444722351427703,0.0017681677938646769
2025-08-18T00:00:00,USDCNH,7.18724,-0.00012798824734004389,0.0017390709192913706
2025-08-19T00:00:00,USDCNH,7.18805,0.00011269972896404368,0.0017104729256896766
2025-08-20T00:00:00,USDCNH,7.18148,-0.00091401701435020141,0.0016900335903831251
2025-08-21T00:00:00,USDCNH,7.18283,0.00018798353542729445,0.0016625950320419119
2025-08-22T00:00:00,USDCNH,7.17117,-0.0016233156012323839,0.0016599235267612989
2025-08-25T00:00:00,USDCNH,7.15747,-0.0019104274476828809,0.0016651319397434541
2025-08-26T00:00:00,USDCNH,7.15285,-0.0006454794780837459,0.0016400890815758727
2025-08-27T00:00:00,USDCNH,7.15145,-0.00019572617907551396,0.0016129912761138102
2025-08-28T00:00:00,USDCNH,7.12036,-0.0043473701137531325,0.0017554663544229133
2025-08-29T00:00:00,USDCNH,7.12107,9.9714059401458132e-05,0.0017279261758205028
2025-09-01T00:00:00,USDCNH,7.13435,0.0018648882822386028,0.0017426725347796049
2025-09-02T00:00:00,USDCNH,7.13781,0.00048497760833146315,0.0017184645544810807
2025-09-03T00:00:00,USDCNH,7.13911,0.00018212869213381062,0.0016913908292091047
2025-09-04T00:00:00,USDCNH,7.13615,-0.00041461750834485698,0.0016639681879549576
2025-09-05T00:00:00,USDCNH,7.12504,-0.0015568618933177567,0.0016548460496750175
2025-09-08T00:00:00,USDCNH,7.1227,-0.00032841920887464923,0.0016275833718616948
2025-09-09T00:00:00,USDCNH,7.12338,9.5469414688252192e-05,0.0016017803987584203
2025-09-10T00:00:00,USDCNH,7.11954,-0.00053906993590125578,0.0015763163541112628
2025-09-11T00:00:00,USDCNH,7.11233,-0.0010127058770650515,0.0015565432441266784
2025-09-12T00:00:00,USDCNH,7.12457,0.0017209550175540575,0.0015716125380884152
2025-09-15T00:00:00,USDCNH,7.11831,-0.00087864951849727833,0.0015504986327501728
2025-09-16T00:00:00,USDCNH,7.10339,-0.002096003124337103,0.0015617327505790814
2025-09-17T00:00:00,USDCNH,7.10172,-0.00023509901610355594,0.0015359376464160091
2025-09-18T00:00:00,USDCNH,7.10811,0.00089978202463623935,0.0015252786942383442
2025-09-19T00:00:00,USDCNH,7.11954,0.0016080223856974399,0.0015363058374920286
2025-09-22T00:00:00,USDCNH,7.11525,-0.00060256701977938563,0.0015128276610064596
2025-09-23T00:00:00,USDCNH,7.11298,-0.00031903306278757996,0.0014879940226534608
2025-09-24T00:00:00,USDCNH,7.13752,0.0034500307887833236,0.0016032448073199617
2025-09-25T00:00:00,USDCNH,7.14449,0.00097652966296415565,0.0015880551413520836
2025-09-26T00:00:00,USDCNH,7.14118,-0.00046329409097079345,0.0015636311566871628
2025-09-29T00:00:00,USDCNH,7.1287,-0.001747610338907582,0.0015674905057859146
2025-09-30T00:00:00,USDCNH,7.12802,-9.5389061119140081e-05,0.0015415826009543131
2025-10-01T00:00:00,USDCNH,7.12706,-0.00013467975679081596,0.0015161059788087431
2025-10-02T00:00:00,USDCNH,7.13191,0.00068050500486880184,0.0014978217187005816
2025-10-03T00:00:00,USDCNH,7.13496,0.00042765542470390078,0.0014759483245432995
2025-10-06T00:00:00,USDCNH,7.14084,0.00082411113727329103,0.0014603884972203775
2025-10-07T00:00:00,USDCNH,7.14564,0.00067218982640702767,0.0014419299032458345
2025-10-08T00:00:00,USDCNH,7.1497,0.00056817863760278331,0.0014219772208155137
2025-10-09T00:00:00,USDCNH,7.13694,-0.0017846902667244926,0.0014348319656401092
2025-10-10T00:00:00,USDCNH,7.14604,0.0012750562566029851,0.0014312157198281509
2025-10-13T00:00:00,USDCNH,7.13759,-0.0011824730899910785,0.0014231564583239635
2025-10-14T00:00:00,USDCNH,7.1395,0.00026759732626833907,0.0014007983772476049
2025-10-15T00:00:00,USDCNH,7.1296,-0.0013866517263113692,0.0013986994011366024
2025-10-16T00:00:00,USDCNH,7.12374,-0.00082192549371636536,0.0013819399710339659
2025-10-17T00:00:00,USDCNH,7.12454,0.00011230056122204234,0.0013596752241149437
2025-10-20T00:00:00,USDCNH,7.12253,-0.00028212347744547737,0.0013375936848831298
2025-10-21T00:00:00,USDCNH,7.12611,0.00050263038555112749,0.0013200350589801569
2025-10-22T00:00:00,USDCNH,7.12518,-0.00013050598433078233,0.0012982379967059171
2025-10-23T00:00:00,USDCNH,7.12391,-0.0001782411111017381,0.0012768792859905059
2025-10-24T00:00:00,USDCNH,7.12404,1.8248405720948102e-05,0.0012559274290808776
2025-10-27T00:00:00,USDCNH,7.10871,-0.0021518688833863401,0.0012895737913868003
2025-10-28T00:00:00,USDCNH,7.09526,-0.0018920451108570512,0.0013060261318192468
2025-10-29T00:00:00,USDCNH,7.09611,0.00011979828787115392,0.0012858240112765152
2025-10-30T00:00:00,USDCNH,7.10977,0.00192499834416318,0.0013209840373955954
2025-10-31T00:00:00,USDCNH,7.12161,0.0016653140678250203,0.0013386420527467103
2025-11-03T00:00:00,USDCNH,7.12614,0.00063609211961900784,0.0013226596155354773
2025-11-04T00:00:00,USDCNH,7.13533,0.0012896182224878215,0.001322848781665262
2025-11-05T00:00:00,USDCNH,7.13072,-0.00064608083998911878,0.0013060515706726176
2025-11-06T00:00:00,USDCNH,7.1212,-0.0013350685484776004,0.0013057689873104195
2025-11-07T00:00:00,USDCNH,7.12437,0.00044514969387180462,0.0012875096862278673
2025-11-10T00:00:00,USDCNH,7.12107,-0.00046319885126689135,0.0012683689955475918
2025-11-11T00:00:00,USDCNH,7.12191,0.00011795980098498877,0.0012478418465330836
2025-11-12T00:00:00,USDCNH,7.11171,-0.0014322000699249669,0.0012516997403534335
2025-11-13T00:00:00,USDCNH,7.09609,-0.0021963775238304415,0.0012870113093476688
2025-11-14T00:00:00,USDCNH,7.09898,0.00040726653692383231,0.0012700317339155375
2025-11-17T00:00:00,USDCNH,7.10753,0.0012043983783585266,0.0012726642124549687
2025-11-18T00:00:00,USDCNH,7.10955,0.00028420562417603735,0.0012536297817322822
2025-11-19T00:00:00,USDCNH,7.11714,0.0010675781167585052,0.0012505282797273477
2025-11-20T00:00:00,USDCNH,7.11794,0.00011240470188866762,0.0012302426019694152
2025-11-21T00:00:00,USDCNH,7.10469,-0.0018614936343942497,0.0012527144997110131
2025-11-24T00:00:00,USDCNH,7.10468,-1.4075209473772146e-06,0.0012321693414697262
2025-11-25T00:00:00,USDCNH,7.08238,-0.0031387761306632292,0.0013283354565873057
2025-11-26T00:00:00,USDCNH,7.06857,-0.0019499094937011901,0.0013432891561438916
2025-11-27T00:00:00,USDCNH,7.07368,0.00072291849695202426,0.0013329568201778782
2025-11-28T00:00:00,USDCNH,7.06999,-0.0005216520962215759,0.0013119464458838689
2025-12-01T00:00:00,USDCNH,7.07117,0.00016690264059788273,0.0012923538440910232
2025-12-02T00:00:00,USDCNH,7.06646,-0.00066608496189459647,0.0012734106732866417
2025-12-03T00:00:00,USDCNH,7.05847,-0.0011306934448083461,0.0012624549591617239
2025-12-04T00:00:00,USDCNH,7.07078,0.0017440040122009819,0.0012933225659432187
2025-12-05T00:00:00,USDCNH,7.06862,-0.00030548256345126561,0.0012720681456601587
2025-12-08T00:00:00,USDCNH,7.07062,0.00028294065885558703,0.0012541651349563838
2025-12-09T00:00:00,USDCNH,7.06038,-0.0014482464055485351,0.0012538448595748371
2025-12-10T00:00:00,USDCNH,7.05971,-9.4895742155576962e-05,0.0012333742672876889
2025-12-11T00:00:00,USDCNH,7.05063,-0.0012861718115899912,0.0012277225694097191
2025-12-12T00:00:00,USDCNH,7.0528,0.00030777391523884381,0.0012117975666244521
2025-12-15T00:00:00,USDCNH,7.04302,-0.0013866833030853167,0.0012092440998513832
2025-12-16T00:00:00,USDCNH,7.0351,-0.001124517607503652,0.0011988100228260043
2025-12-17T00:00:00,USDCNH,7.03932,0.00059984932694632804,0.0011902850138150733
2025-12-18T00:00:00,USDCNH,7.0329,-0.00091201991101417666,0.0011760801350844527
2025-12-19T00:00:00,USDCNH,7.03375,0.00012086052695199471,0.0011591268829715192
2025-12-22T00:00:00,USDCNH,7.03054,-0.00045637106806471046,0.0011403677703482958
2025-12-23T00:00:00,USDCNH,7.01858,-0.0017011495560796458,0.0011496557966091006
2025-12-24T00:00:00,USDCNH,7.00619,-0.0017653143513360111,0.0011592784817011923
2025-12-26T00:00:00,USDCNH,7.00241,-0.00053952290760026411,0.0011404473658427842
2025-12-29T00:00:00,USDCNH,6.99712,-0.00075545419362768834,0.00112349991196707
2025-12-30T00:00:00,USDCNH,6.99131,-0.00083034162626901165,0.001107586552554314
2025-12-31T00:00:00,USDCNH,6.97492,-0.0023443389007210876,0.0011429279862021358
2026-01-02T00:00:00,USDCNH,6.96802,-0.00098925865816380776,0.0011277425796204618
2026-01-05T00:00:00,USDCNH,6.98236,0.0020579734271715345,0.0012002715998784316
2026-01-06T00:00:00,USDCNH,6.97986,-0.00035804513087258499,0.0011804728684675916
2026-01-07T00:00:00,USDCNH,6.9929,0.0018682323141150788,0.0012310335509302522
2026-01-08T00:00:00,USDCNH,6.98165,-0.0016087746142515321,0.0012320437752106894
2026-01-09T00:00:00,USDCNH,6.97534,-0.00090379781283794487,0.001215344190377259
2026-01-12T00:00:00,USDCNH,6.96699,-0.0011970742644803092,0.0012038859090293395
2026-01-13T00:00:00,USDCNH,6.97307,0.00087268677003983974,0.0012065987946858964
2026-01-14T00:00:00,USDCNH,6.97081,-0.00032410401731227517,0.0011866954472428716
2026-01-15T00:00:00,USDCNH,6.96226,-0.0012265432568095388,0.0011769910463550024
2026-01-16T00:00:00,USDCNH,6.96603,0.00054149083774525418,0.0011699632799640153
2026-01-19T00:00:00,USDCNH,6.95612,-0.0014226180478693949,0.001165916118197975
2026-01-20T00:00:00,USDCNH,6.95624,1.725099624501848e-05,0.0011491943757738522
2026-01-21T00:00:00,USDCNH,6.95888,0.00037951537037243273,0.0011387227636755347
2026-01-22T00:00:00,USDCNH,6.96302,0.00059492332099425149,0.0011332134240818797
2026-01-23T00:00:00,USDCNH,6.9474599999999995,-0.0022346625458494569,0.0011653717367228842
2026-01-26T00:00:00,USDCNH,6.94853,0.00015401312134223852,0.0011504197334623616
2026-01-27T00:00:00,USDCNH,6.93162,-0.0024336082595887479,0.0011898836693424114
2026-01-28T00:00:00,USDCNH,6.94283,0.0016172265646414784,0.0012276446521163288
2026-01-29T00:00:00,USDCNH,6.94411,0.00018436286067790685,0.0012116196926854619
2026-01-30T00:00:00,USDCNH,6.95697,0.0018519291889097192,0.0012562198481814006
2026-02-02T00:00:00,USDCNH,6.94084,-0.0023185380992012932,0.0012880280846629616
2026-02-03T00:00:00,USDCNH,6.93316,-0.0011064943148091134,0.0012738715994995526
2026-02-04T00:00:00,USDCNH,6.9402,0.0010154100006346219,0.0012776781685785081
2026-02-05T00:00:00,USDCNH,6.94013,-1.0086164663844629e-05,0.0012579167523712955
2026-02-06T00:00:00,USDCNH,6.92912,-0.001586425614505743,0.0012576954415028667
2026-02-09T00:00:00,USDCNH,6.91509,-0.0020247881404853699,0.0012722598194053738
2026-02-10T00:00:00,USDCNH,6.91338,-0.00024728528479023418,0.0012516164732971648
2026-02-11T00:00:00,USDCNH,6.90821,-0.00074782523165219832,0.0012323778385011327
2026-02-12T00:00:00,USDCNH,6.89819,-0.0014504480900263317,0.0012258933254516819
2026-02-13T00:00:00,USDCNH,6.89897,0.00011307313947581454,0.001210005320646414
2026-02-16T00:00:00,USDCNH,6.88452,-0.0020945155581195561,0.0012265057206113292
2026-02-17T00:00:00,USDCNH,6.88427,-3.6313352274422255e-05,0.001209039621482296
2026-02-18T00:00:00,USDCNH,6.89084,0.00095434955340217115,0.0012166291659379614
2026-02-19T00:00:00,USDCNH,6.89814,0.0010593773763430674,0.0012261593949511171
2026-02-20T00:00:00,USDCNH,6.89546,-0.00038851052602582636,0.0012058911828147353
2026-02-23T00:00:00,USDCNH,6.88872,-0.00097745473108389372,0.0011907353807924105
