timestamp,asset_id,lbw,nu,gamma,status,window_size,nlml_baseline,nlml_changepoint,retry_used,fallback_used,location_c,steepness_s,fallback_source_timestamp,failure_stage,failure_message
2024-11-26T00:00:00,DXY.cash,63,,,invalid_window,1,,,false,false,,,,window_length,"Expected 64 returns for lbw=63, got 1"
2024-11-27T00:00:00,DXY.cash,63,,,invalid_window,2,,,false,false,,,,window_length,"Expected 64 returns for lbw=63, got 2"
2024-11-28T00:00:00,DXY.cash,63,,,invalid_window,3,,,false,false,,,,window_length,"Expected 64 returns for lbw=63, got 3"
2024-11-29T00:00:00,DXY.cash,63,,,invalid_window,4,,,false,false,,,,window_length,"Expected 64 returns for lbw=63, got 4"
2024-12-02T00:00:00,DXY.cash,63,,,invalid_window,5,,,false,false,,,,window_length,"Expected 64 returns for lbw=63, got 5"
2024-12-03T00:00:00,DXY.cash,63,,,invalid_window,6,,,false,false,,,,window_length,"Expected 64 returns for lbw=63, got 6"
2024-12-04T00:00:00,DXY.cash,63,,,invalid_window,7,,,false,false,,,,window_length,"Expected 64 returns for lbw=63, got 7"
2024-12-05T00:00:00,DXY.cash,63,,,invalid_window,8,,,false,false,,,,window_length,"Expected 64 returns for lbw=63, got 8"
2024-12-06T00:00:00,DXY.cash,63,,,invalid_window,9,,,false,false,,,,window_length,"Expected 64 returns for lbw=63, got 9"
2024-12-09T00:00:00,DXY.cash,63,,,invalid_window,10,,,false,false,,,,window_length,"Expected 64 returns for lbw=63, got 10"
2024-12-10T00:00:00,DXY.cash,63,,,invalid_window,11,,,false,false,,,,window_length,"Expected 64 returns for lbw=63, got 11"
2024-12-11T00:00:00,DXY.cash,63,,,invalid_window,12,,,false,false,,,,window_length,"Expected 64 returns for lbw=63, got 12"
2024-12-12T00:00:00,DXY.cash,63,,,invalid_window,13,,,false,false,,,,window_length,"Expected 64 returns for lbw=63, got 13"
2024-12-13T00:00:00,DXY.cash,63,,,invalid_window,14,,,false,false,,,,window_length,"Expected 64 returns for lbw=63, got 14"
2024-12-16T00:00:00,DXY.cash,63,,,invalid_window,15,,,false,false,,,,window_length,"Expected 64 returns for lbw=63, got 15"
2024-12-17T00:00:00,DXY.cash,63,,,invalid_window,16,,,false,false,,,,window_length,"Expected 64 returns for lbw=63, got 16"
2024-12-18T00:00:00,DXY.cash,63,,,invalid_window,17,,,false,false,,,,window_length,"Expected 64 returns for lbw=63, got 17"
2024-12-19T00:00:00,DXY.cash,63,,,invalid_window,18,,,false,false,,,,window_length,"Expected 64 returns for lbw=63, got 18"
2024-12-20T00:00:00,DXY.cash,63,,,invalid_window,19,,,false,false,,,,window_length,"Expected 64 returns for lbw=63, got 19"
2024-12-23T00:00:00,DXY.cash,63,,,invalid_window,20,,,false,false,,,,window_length,"Expected 64 returns for lbw=63, got 20"
2024-12-24T00:00:00,DXY.cash,63,,,invalid_window,21,,,false,false,,,,window_length,"Expected 64 returns for lbw=63, got 21"
2024-12-26T00:00:00,DXY.cash,63,,,invalid_window,22,,,false,false,,,,window_length,"Expected 64 returns for lbw=63, got 22"
2024-12-27T00:00:00,DXY.cash,63,,,invalid_window,23,,,false,false,,,,window_length,"Expected 64 returns for lbw=63, got 23"
2024-12-30T00:00:00,DXY.cash,63,,,invalid_window,24,,,false,false,,,,window_length,"Expected 64 returns for lbw=63, got 24"
2024-12-31T00:00:00,DXY.cash,63,,,invalid_window,25,,,false,false,,,,window_length,"Expected 64 returns for lbw=63, got 25"
2025-01-02T00:00:00,DXY.cash,63,,,invalid_window,26,,,false,false,,,,window_length,"Expected 64 returns for lbw=63, got 26"
2025-01-03T00:00:00,DXY.cash,63,,,invalid_window,27,,,false,false,,,,window_length,"Expected 64 returns for lbw=63, got 27"
2025-01-06T00:00:00,DXY.cash,63,,,invalid_window,28,,,false,false,,,,window_length,"Expected 64 returns for lbw=63, got 28"
2025-01-07T00:00:00,DXY.cash,63,,,invalid_window,29,,,false,false,,,,window_length,"Expected 64 returns for lbw=63, got 29"
2025-01-08T00:00:00,DXY.cash,63,,,invalid_window,30,,,false,false,,,,window_length,"Expected 64 returns for lbw=63, got 30"
2025-01-09T00:00:00,DXY.cash,63,,,invalid_window,31,,,false,false,,,,window_length,"Expected 64 returns for lbw=63, got 31"
2025-01-10T00:00:00,DXY.cash,63,,,invalid_window,32,,,false,false,,,,window_length,"Expected 64 returns for lbw=63, got 32"
2025-01-13T00:00:00,DXY.cash,63,,,invalid_window,33,,,false,false,,,,window_length,"Expected 64 returns for lbw=63, got 33"
2025-01-14T00:00:00,DXY.cash,63,,,invalid_window,34,,,false,false,,,,window_length,"Expected 64 returns for lbw=63, got 34"
2025-01-15T00:00:00,DXY.cash,63,,,invalid_window,35,,,false,false,,,,window_length,"Expected 64 returns for lbw=63, got 35"
2025-01-16T00:00:00,DXY.cash,63,,,invalid_window,36,,,false,false,,,,window_length,"Expected 64 returns for lbw=63, got 36"
2025-01-17T00:00:00,DXY.cash,63,,,invalid_window,37,,,false,false,,,,window_length,"Expected 64 returns for lbw=63, got 37"
2025-01-20T00:00:00,DXY.cash,63,,,invalid_window,38,,,false,false,,,,window_length,"Expected 64 returns for lbw=63, got 38"
2025-01-21T00:00:00,DXY.cash,63,,,invalid_window,39,,,false,false,,,,window_length,"Expected 64 returns for lbw=63, got 39"
2025-01-22T00:00:00,DXY.cash,63,,,invalid_window,40,,,false,false,,,,window_length,"Expected 64 returns for lbw=63, got 40"
2025-01-23T00:00:00,DXY.cash,63,,,invalid_window,41,,,false,false,,,,window_length,"Expected 64 returns for lbw=63, got 41"
2025-01-24T00:00:00,DXY.cash,63,,,invalid_window,42,,,false,false,,,,window_length,"Expected 64 returns for lbw=63, got 42"
2025-01-27T00:00:00,DXY.cash,63,,,invalid_window,43,,,false,false,,,,window_length,"Expected 64 returns for lbw=63, got 43"
2025-01-28T00:00:00,DXY.cash,63,,,invalid_window,44,,,false,false,,,,window_length,"Expected 64 returns for lbw=63, got 44"
2025-01-29T00:00:00,DXY.cash,63,,,invalid_window,45,,,false,false,,,,window_length,"Expected 64 returns for lbw=63, got 45"
2025-01-30T00:00:00,DXY.cash,63,,,invalid_window,46,,,false,false,,,,window_length,"Expected 64 returns for lbw=63, got 46"
2025-01-31T00:00:00,DXY.cash,63,,,invalid_window,47,,,false,false,,,,window_length,"Expected 64 returns for lbw=63, got 47"
2025-02-03T00:00:00,DXY.cash,63,,,invalid_window,48,,,false,false,,,,window_length,"Expected 64 returns for lbw=63, got 48"
2025-02-04T00:00:00,DXY.cash,63,,,invalid_window,49,,,false,false,,,,window_length,"Expected 64 returns for lbw=63, got 49"
2025-02-05T00:00:00,DXY.cash,63,,,invalid_window,50,,,false,false,,,,window_length,"Expected 64 returns for lbw=63, got 50"
2025-02-06T00:00:00,DXY.cash,63,,,invalid_window,51,,,false,false,,,,window_length,"Expected 64 returns for lbw=63, got 51"
2025-02-07T00:00:00,DXY.cash,63,,,invalid_window,52,,,false,false,,,,window_length,"Expected 64 returns for lbw=63, got 52"
2025-02-10T00:00:00,DXY.cash,63,,,invalid_window,53,,,false,false,,,,window_length,"Expected 64 returns for lbw=63, got 53"
2025-02-11T00:00:00,DXY.cash,63,,,invalid_window,54,,,false,false,,,,window_length,"Expected 64 returns for lbw=63, got 54"
2025-02-12T00:00:00,DXY.cash,63,,,invalid_window,55,,,false,false,,,,window_length,"Expected 64 returns for lbw=63, got 55"
2025-02-13T00:00:00,DXY.cash,63,,,invalid_window,56,,,false,false,,,,window_length,"Expected 64 returns for lbw=63, got 56"
2025-02-14T00:00:00,DXY.cash,63,,,invalid_window,57,,,false,false,,,,window_length,"Expected 64 returns for lbw=63, got 57"
2025-02-17T00:00:00,DXY.cash,63,,,invalid_window,58,,,false,false,,,,window_length,"Expected 64 returns for lbw=63, got 58"
2025-02-18T00:00:00,DXY.cash,63,,,invalid_window,59,,,false,false,,,,window_length,"Expected 64 returns for lbw=63, got 59"
2025-02-19T00:00:00,DXY.cash,63,,,invalid_window,60,,,false,false,,,,window_length,"Expected 64 returns for lbw=63, got 60"
2025-02-20T00:00:00,DXY.cash,63,,,invalid_window,61,,,false,false,,,,window_length,"Expected 64 returns for lbw=63, got 61"
2025-02-21T00:00:00,DXY.cash,63,,,invalid_window,62,,,false,false,,,,window_length,"Expected 64 returns for lbw=63, got 62"
2025-02-24T00:00:00,DXY.cash,63,,,invalid_window,63,,,false,false,,,,window_length,"Expected 64 returns for lbw=63, got 63"
2025-02-25T00:00:00,DXY.cash,63,,,invalid_window,64,,,false,false,,,,window_standardization,window returns must be finite
2025-02-26T00:00:00,DXY.cash,63,0.58305857068815081,0.45773138888480513,success,64,90.812066299545208,90.47672440858679,false,false,28.837077499742723,1.8829621221621446,,,
2025-02-27T00:00:00,DXY.cash,63,0.71154199239332494,0.31672240058857953,success,64,90.81206626045271,89.909181346268724,false,false,19.953511237080512,0.99385388298007793,,,
2025-02-28T00:00:00,DXY.cash,63,0.69764118271002507,0.29847274904362464,success,64,90.812066208194921,89.975975751315346,false,false,18.803783189748351,0.96326286887077206,,,
2025-03-03T00:00:00,DXY.cash,63,0.71844799232254997,0.28440424221231053,success,64,90.812066610048717,89.875290473311878,false,false,17.917467259375563,0.94283218331200558,,,
2025-03-04T00:00:00,DXY.cash,63,0.74546926964528371,0.27187126640677955,success,64,90.549819015715357,89.475226680150058,false,false,17.127889783627111,0.96822437066995504,,,
2025-03-05T00:00:00,DXY.cash,63,0.9916757259557516,0.92560208154152002,success,64,89.875024351325692,85.094804016810357,false,false,58.312931137115761,2.5128068216290913,,,
2025-03-06T00:00:00,DXY.cash,63,0.97416966118570947,0.9082853326482645,success,64,89.858790747648058,86.228754993151938,false,false,57.221975956840666,2.6860975957163911,,,
2025-03-07T00:00:00,DXY.cash,63,0.89983821812055276,0.67367565166567911,success,64,89.712097946224318,87.516669654225666,false,false,42.44156605493778,0.26996498762295384,,,
2025-03-10T00:00:00,DXY.cash,63,0.73347569965466386,0.4921377427384907,success,64,89.793724293392785,88.781395248397217,false,false,31.004677792524916,14.174329067571769,,,
2025-03-11T00:00:00,DXY.cash,63,0.87169775909523828,0.62675639463234778,success,64,89.92720297636896,88.011148956685332,false,false,39.485652861837913,0.28521495479466319,,,
2025-03-12T00:00:00,DXY.cash,63,0.85579899405565096,0.60543560845886568,success,64,90.074213129254602,88.293385801578069,false,false,38.142443332908535,0.29030577124204038,,,
2025-03-13T00:00:00,DXY.cash,63,0.85413672495986837,0.57839370630256515,success,64,90.068848410476718,88.301426840634392,false,false,36.438803497061606,0.3044389598192897,,,
2025-03-14T00:00:00,DXY.cash,63,0.83729704430859297,0.55651643146961605,success,64,90.087460452599615,88.449207733993617,false,false,35.060535182585809,0.31645191998681144,,,
2025-03-17T00:00:00,DXY.cash,63,0.82894491881455556,0.52849161756230623,success,64,90.06501802958428,88.486849936413407,false,false,33.294971906425289,0.32003502048544585,,,
2025-03-18T00:00:00,DXY.cash,63,0.8368318426489435,0.50807188072111209,success,64,90.052965918685572,88.418124082442404,false,false,32.008528485430062,0.3293048897714807,,,
2025-03-19T00:00:00,DXY.cash,63,0.84417509820390435,0.48205320429968029,success,64,90.097782860254966,88.408155877324972,false,false,30.369351870879857,0.32730620985912778,,,
2025-03-20T00:00:00,DXY.cash,63,0.84702015469468062,0.48747978898636118,success,64,90.246129770545764,88.534711463472263,false,false,30.711226706140753,0.39988549366698412,,,
2025-03-21T00:00:00,DXY.cash,63,0.84039533461667737,0.46626555448198609,success,64,89.996554280826828,88.33538177956919,false,false,29.374729932365124,0.40065398227497079,,,
2025-03-24T00:00:00,DXY.cash,63,0.82863206089802577,0.4481732416755253,success,64,89.778539828793129,88.202576542631746,false,false,28.234914225558093,0.41754640485737787,,,
2025-03-25T00:00:00,DXY.cash,63,0.83196887117498497,0.42664893068365994,success,64,89.854632387525101,88.254986614721133,false,false,26.878882633070578,0.42134787253960965,,,
2025-03-26T00:00:00,DXY.cash,63,0.82948188943038692,0.40807577835895864,success,64,89.860668521568286,88.278708756724228,false,false,25.708774036614393,0.41389465934449043,,,
2025-03-27T00:00:00,DXY.cash,63,0.82368259458842907,0.38887800061249433,success,64,89.970939737132866,88.429440292805978,false,false,24.499314038587144,0.40399197443520413,,,
2025-03-28T00:00:00,DXY.cash,63,0.81050361316802866,0.26954484534899281,success,64,89.924347055344867,88.471061213720574,false,false,16.981325256986548,12.647169548917649,,,
2025-03-31T00:00:00,DXY.cash,63,0.72157464851631437,0.52423755895058977,success,64,89.993801346138412,89.041515496007577,false,false,33.026966213887157,1.9268068035769974,,,
2025-04-01T00:00:00,DXY.cash,63,0.77315177707220062,0.50776314381351906,success,64,90.235351969302044,89.009157764291103,false,false,31.9890780602517,1.9914159744184203,,,
2025-04-02T00:00:00,DXY.cash,63,0.83401428225798646,0.32073787865499354,success,64,90.100553901286958,88.486205121021641,false,false,20.206486355264591,0.42604812221048366,,,
2025-04-03T00:00:00,DXY.cash,63,0.89218425772714804,0.3297986220744718,success,64,89.883861055314114,87.770612057136361,false,false,20.777313190691725,0.29711491468779538,,,
2025-04-04T00:00:00,DXY.cash,63,0.90021761206170758,0.37985024917755789,success,64,90.795742485466945,88.596097654369657,false,false,23.930565698186147,0.20875465921459563,,,
2025-04-07T00:00:00,DXY.cash,63,0.99930142499350605,0.95441966003690071,success,64,90.723957426700011,83.458188243030449,false,false,60.128438582324748,16.310873697005647,,,
2025-04-08T00:00:00,DXY.cash,63,0.99858898467842205,0.93839037308324658,success,64,90.776704833267232,84.214671097504038,false,false,59.118593504244537,15.397074627509188,,,
2025-04-09T00:00:00,DXY.cash,63,0.83276628453046209,0.42475173426505614,success,64,90.794806296828696,89.189445592688514,false,false,26.759359258698538,1.1991532229970809,,,
2025-04-10T00:00:00,DXY.cash,63,0.99991657687755853,0.90588538939351704,success,64,90.811263900302762,81.419762287380493,false,false,57.070779531791572,27.210553755489801,,,
2025-04-11T00:00:00,DXY.cash,63,0.99984779376062316,0.89048878688851762,success,64,90.347271399427697,81.557149498466288,false,false,56.10079357397661,15.648594694154127,,,
2025-04-14T00:00:00,DXY.cash,63,0.99967144200456393,0.87476449715846616,success,64,90.328975548234069,82.308506970823004,false,false,55.110163320983368,16.199957970282568,,,
2025-04-15T00:00:00,DXY.cash,63,0.99977812693831269,0.85880350967910624,success,64,90.330510199316947,81.917326963166403,false,false,54.104621109783693,15.899567496311221,,,
2025-04-16T00:00:00,DXY.cash,63,0.9562252707989719,0.4395147101211917,success,64,90.518717610257923,87.434780778050893,false,false,27.689426737635078,1.814146266614868,,,
2025-04-17T00:00:00,DXY.cash,63,0.99987687173737672,0.82685694040918289,success,64,90.300940287483058,81.298779462967502,false,false,52.091987245778519,16.420897333418115,,,
2025-04-21T00:00:00,DXY.cash,63,0.99997700501420062,0.81106993012590078,success,64,90.438912184438294,79.758700805169582,false,false,51.097405597931747,16.389800453127279,,,
2025-04-22T00:00:00,DXY.cash,63,0.99998012007272807,0.79513334389430579,success,64,90.673768468108648,79.84798833313738,false,false,50.093400665341264,16.75527087366212,,,
2025-04-23T00:00:00,DXY.cash,63,0.99998657667784607,0.77937419417623288,success,64,90.432769305310259,79.214265824122293,false,false,49.10057423310267,15.948496719385465,,,
2025-04-24T00:00:00,DXY.cash,63,0.99998256386275464,0.76340475985201339,success,64,90.637292697083794,79.680344481131272,false,false,48.094499870676842,16.309378964579775,,,
2025-04-25T00:00:00,DXY.cash,63,0.99998210504046592,0.74745350580396375,success,64,90.714665122690576,79.783691542758788,false,false,47.089570865649719,16.949259240875463,,,
2025-04-28T00:00:00,DXY.cash,63,0.99997233510974848,0.73150257494368554,success,64,90.764875546869732,80.26955676347211,false,false,46.084662221452191,17.228863984493636,,,
2025-04-29T00:00:00,DXY.cash,63,0.99996916046081186,0.71432466004178796,success,64,90.800141695458038,80.413459584075241,false,false,45.00245358263264,585.00284803396096,,,
2025-04-30T00:00:00,DXY.cash,63,0.9999512227437316,0.69966496755503704,success,64,90.784036774812691,80.855839139440022,false,false,44.078892955967333,17.698555567584041,,,
2025-05-01T00:00:00,DXY.cash,63,0.99991898928672962,0.68381019547413557,success,64,90.756128920074161,81.335280784629532,false,false,43.080042314870539,17.013602680594808,,,
2025-05-02T00:00:00,DXY.cash,63,0.99986829050636261,0.6678978456992678,success,64,90.761857945049471,81.827077796730677,false,false,42.077564279053874,16.9955971087828,,,
2025-05-05T00:00:00,DXY.cash,63,0.99974898777541599,0.65198591538826245,success,64,90.758593967908709,82.46883609514515,false,false,41.075112669460538,16.673924616109961,,,
2025-05-06T00:00:00,DXY.cash,63,0.99957167701797367,0.63606534470375664,success,64,90.758061595918718,83.002856994586693,false,false,40.072116716336666,16.735601578827801,,,
2025-05-07T00:00:00,DXY.cash,63,0.99952627608500255,0.62014323861329457,success,64,90.789643369315897,83.135231341698784,false,false,39.069024032637557,17.299871634310566,,,
2025-05-08T00:00:00,DXY.cash,63,0.99936473868071385,0.60425924313816981,success,64,90.717378687007525,83.356540032900227,false,false,38.068332317704701,17.325272903624121,,,
2025-05-09T00:00:00,DXY.cash,63,0.99897050705254564,0.58842999353797765,success,64,90.756847201456523,83.879188342718734,false,false,37.071089592892591,16.180383051471168,,,
2025-05-12T00:00:00,DXY.cash,63,0.99956265485681317,0.57146302968801355,success,64,90.771974198411627,83.037623765963403,false,false,36.002170870344855,566.32674032353395,,,
2025-05-13T00:00:00,DXY.cash,63,0.99821689572607253,0.56638592430834955,success,64,90.81206672574757,84.484451962125547,false,false,35.682313231426022,206.70961801997231,,,
2025-05-14T00:00:00,DXY.cash,63,0.99688083891999113,0.54388920684583431,success,64,90.812066442873402,85.04499928074641,false,false,34.265020031287563,18.93122933078477,,,
2025-05-15T00:00:00,DXY.cash,63,0.99780422565729043,0.5239037924381621,success,64,90.812066299950601,84.693043969596772,false,false,33.005938923604212,209.69611448302271,,,
2025-05-16T00:00:00,DXY.cash,63,0.9963401410665722,0.50808603287564791,success,64,90.812066226532764,85.205402124044696,false,false,32.00942007116582,126.65147647726913,,,
2025-05-19T00:00:00,DXY.cash,63,0.99445357846960536,0.49225053416912401,success,64,90.812066329296172,85.6230258608594,false,false,31.011783652654813,97.747967478557783,,,
2025-05-20T00:00:00,DXY.cash,63,0.9916735417725645,0.48094899008110964,success,64,90.812066253422174,86.032110474236745,false,false,30.299786375109907,22.494690572507459,,,
2025-05-21T00:00:00,DXY.cash,63,0.75085785673649807,0.54483927289460443,success,64,90.812066227493929,89.70887345570074,false,false,34.324874192360078,23.880141446752965,,,
2025-05-22T00:00:00,DXY.cash,63,0.74645074695012625,0.52876264952093288,success,64,90.812066316568306,89.732294776668127,false,false,33.312046919818769,25.296015404007743,,,
2025-05-23T00:00:00,DXY.cash,63,0.98819830879215298,0.42859585588664695,success,64,90.812066264637522,86.384425713530533,false,false,27.001538920858756,706.22440497440232,,,
2025-05-26T00:00:00,DXY.cash,63,0.98074378749395219,0.41282595541851141,success,64,90.812066315976367,86.881588801606213,false,false,26.008035191366218,127.45114629079249,,,
2025-05-27T00:00:00,DXY.cash,63,0.51042919384097007,0.56601914030113609,success,64,90.812066249467122,90.770343422585142,false,false,35.659205838971573,19.701845654296971,,,
2025-05-28T00:00:00,DXY.cash,63,0.60588622088373056,0.62875283711016716,success,64,90.812066304980192,90.382013737948284,false,false,39.611428737940528,4.7236106359690462,,,
2025-05-29T00:00:00,DXY.cash,63,0.82029707350439662,0.82520377089528085,success,64,90.812066232476511,89.293704752174264,false,false,51.987837566402696,65.619813534801324,,,
2025-05-30T00:00:00,DXY.cash,63,0.55788020054717247,0.52544422087303466,success,64,90.812067427778416,90.579504067646312,false,false,33.102985915001184,539.84447565466837,,,
2025-06-02T00:00:00,DXY.cash,63,0.52025884464071848,0.50240591902661291,success,64,90.812066271448515,90.730986504349247,false,false,31.651572898676616,20.684118542128548,,,
2025-06-03T00:00:00,DXY.cash,63,0.52023543472331579,0.48662574328036273,success,64,90.812066230373148,90.731080256744789,false,false,30.657421826662851,16.675795803607929,,,
2025-06-04T00:00:00,DXY.cash,63,0.50925022863542191,0.47076476309030807,success,64,90.812066295300497,90.775061158495348,false,false,29.658180074689408,20.012986693650411,,,
2025-06-05T00:00:00,DXY.cash,63,0.63143891837982857,0.53215722352790484,success,64,90.812066310321896,90.273671553208061,false,false,33.525905082258006,5.958702543488549,,,
2025-06-06T00:00:00,DXY.cash,63,0.66111796777454168,0.52346642621551365,success,64,90.812066441156475,90.143786207866341,false,false,32.97838485157736,23.004664155568374,,,
2025-06-09T00:00:00,DXY.cash,63,0.8954358183145108,0.71414434832347296,success,64,90.812066308673707,88.664556822764794,false,false,44.991093944378797,90.354633818317836,,,
2025-06-10T00:00:00,DXY.cash,63,0.91828678717697765,0.97081221917672766,success,64,90.812066270541948,88.392772236827412,false,false,61.161169808133842,0.94375290464646733,,,
2025-06-11T00:00:00,DXY.cash,63,0.77395966301268471,0.46346554858695316,success,64,90.812066906871323,89.581260615201302,false,false,29.198329560978049,9.6484290354448685,,,
2025-06-12T00:00:00,DXY.cash,63,0.76727975149439476,0.44607798195489445,success,64,90.812066263450603,89.619051875926871,false,false,28.102912863158352,12.512011598620013,,,
2025-06-13T00:00:00,DXY.cash,63,0.94587070527365325,0.64962522378790921,success,64,90.81206635987499,87.951336006817954,false,false,40.926389098638282,12.111261930383881,,,
2025-06-16T00:00:00,DXY.cash,63,0.95966689285860751,0.62916363912650397,success,64,90.81206631750905,87.642652728714822,false,false,39.637309264969751,14.628584156523807,,,
2025-06-17T00:00:00,DXY.cash,63,0.86172956519024513,0.39851963751229807,success,64,90.812066272111551,88.982336220187264,false,false,25.106737163274779,11.128689126276738,,,
2025-06-18T00:00:00,DXY.cash,63,0.89495357783659912,0.3825865838430596,success,64,90.812066295795717,88.669696815500089,false,false,24.102954782112754,9.9536296803534796,,,
2025-06-19T00:00:00,DXY.cash,63,0.97900428658032035,0.58718639550640805,success,64,90.812066927755367,86.96984920072012,false,false,36.992742916903708,138.65221768471355,,,
2025-06-20T00:00:00,DXY.cash,63,0.98443103539694576,0.56272016182399742,success,64,90.812066279376666,86.66528191828715,false,false,35.451370194911838,7.9052383833059938,,,
2025-06-23T00:00:00,DXY.cash,63,0.95115819159010773,0.33398181736723809,success,64,90.812066445872532,87.842972730581039,false,false,21.040854494135999,13.391299768371278,,,
2025-06-24T00:00:00,DXY.cash,63,0.96500409281357935,0.31793678890766636,success,64,90.812066926671449,87.495165701204712,false,false,20.030017701182981,13.353429750114445,,,
2025-06-25T00:00:00,DXY.cash,63,0.99304127214216531,0.74189433730488807,success,64,90.812066280034827,85.851290732363083,false,false,46.739343250207952,0.045337861418006282,,,
2025-06-26T00:00:00,DXY.cash,63,0.99597482364336787,0.59120061397294554,success,64,90.812066673350913,85.300913418775309,false,false,37.245638680295571,0.036891635770496159,,,
2025-06-27T00:00:00,DXY.cash,63,0.99863460333862653,0.54616063103676016,success,64,90.81206634044166,84.21712237195969,false,false,34.408119755315887,0.038580286907218368,,,
2025-06-30T00:00:00,DXY.cash,63,0.99882205582936578,0.46192969046977417,success,64,90.812066354791071,84.069260405057804,false,false,29.101570499595773,13.884239126369721,,,
2025-07-01T00:00:00,DXY.cash,63,0.99940086711544329,0.44599130968137241,success,64,90.812066412826539,83.392638584811564,false,false,28.097452509926462,13.273211293133134,,,
2025-07-02T00:00:00,DXY.cash,63,0.99965500051255685,0.43005830043084275,success,64,90.812066258219886,82.840443690627083,false,false,27.093672927143093,13.718907710288033,,,
2025-07-03T00:00:00,DXY.cash,63,0.99835670025325962,0.41683795128076778,success,64,90.812066739870119,84.402662373421322,false,false,26.260790930688369,9.7289603811037111,,,
2025-07-04T00:00:00,DXY.cash,63,0.97940357344216267,0.19098094230670282,success,64,90.812066287491646,86.950240092308761,false,false,12.031799365322277,13.710751483974294,,,
2025-07-07T00:00:00,DXY.cash,63,0.98050231609131144,0.17501866117628254,success,64,90.812068124611827,86.894298801427027,false,false,11.026175654105799,13.076339678134653,,,
2025-07-08T00:00:00,DXY.cash,63,0.99863989211324866,0.36799650791306682,success,64,90.812067606697596,84.213237386483769,false,false,23.18377999852321,12.100271411337339,,,
2025-07-09T00:00:00,DXY.cash,63,0.99928835174903374,0.3517210015063667,success,64,90.812066272697265,83.564851376123016,false,false,22.158423094901103,12.449879010239778,,,
2025-07-10T00:00:00,DXY.cash,63,0.99410721914954892,0.74592729412087022,success,64,90.812069713253948,85.683952663118362,false,false,46.993419529614826,217.80557797638335,,,
2025-07-11T00:00:00,DXY.cash,63,0.98725402655727434,0.57169076876251579,success,64,90.812097144312872,86.462385178908306,false,false,36.016518432038495,12.678803512755145,,,
2025-07-14T00:00:00,DXY.cash,63,0.99019342263630006,0.31168025531921584,success,64,90.812067748071868,86.197220767737292,false,false,19.635856085110596,19.869620156684825,,,
2025-07-15T00:00:00,DXY.cash,63,0.98904239511275416,0.29539541892598031,success,64,90.81206631220067,86.309362840303478,false,false,18.609911392336759,23.13178398521358,,,
2025-07-16T00:00:00,DXY.cash,63,0.9892333945218349,0.54111404990494794,success,64,90.812066222200187,86.291585186404205,false,false,34.09018514401172,0.090323045232920479,,,
2025-07-17T00:00:00,DXY.cash,63,0.9887455000854436,0.6662654113239953,success,64,90.812066264163803,86.336397337286698,false,false,41.974720913411701,46.476157067301116,,,
2025-07-18T00:00:00,DXY.cash,63,0.98795866007594646,0.6504952085208614,success,64,90.812067926989471,86.404772795207094,false,false,40.981198136814271,60.795916626911001,,,
2025-07-21T00:00:00,DXY.cash,63,0.97531026250139863,0.6348184497306405,success,64,90.812066220120542,87.135698253202307,false,false,39.993562333030354,157.29128981882579,,,
2025-07-22T00:00:00,DXY.cash,63,0.95940792173739509,0.61894781776119934,success,64,90.812066292123774,87.649322877004849,false,false,38.993712518955562,145.60666706423433,,,
2025-07-23T00:00:00,DXY.cash,63,0.95688216631617184,0.44484516779453787,success,64,90.812066270829803,87.712322701249406,false,false,28.025245571055887,11.825588943640865,,,
2025-07-24T00:00:00,DXY.cash,63,0.95730509057463387,0.19021378469686365,success,64,90.812066333913819,87.702023890260989,false,false,11.98346843590241,59.543167222181559,,,
2025-07-25T00:00:00,DXY.cash,63,0.94652955875402744,0.17456140080879262,success,64,90.812066286124008,87.938393087570432,false,false,10.997368250953935,367.11811881420442,,,
2025-07-28T00:00:00,DXY.cash,63,0.93732866621986954,0.61637112604645872,success,64,90.812066399682848,88.106936561175885,false,false,38.831380940926898,0.12077421403169697,,,
2025-07-29T00:00:00,DXY.cash,63,0.89467365037556201,0.5388955314378584,success,64,90.812066316730366,88.672670923090408,false,false,33.950418480585078,13.904460888041465,,,
2025-07-30T00:00:00,DXY.cash,63,0.82036577170897662,0.36527220061360949,success,64,90.812066560474989,89.293238975008407,false,false,23.012148638657397,11.327039150947694,,,
2025-07-31T00:00:00,DXY.cash,63,0.94639546529511498,0.35997119240499187,success,64,90.81206623584329,87.941039381922764,false,false,22.678185121514488,2.5177069695125005,,,
2025-08-01T00:00:00,DXY.cash,63,0.90975529147045608,0.093155353829958584,success,64,90.812066303609811,88.501415614976366,false,false,5.8687872912873909,8.011281449947214,,,
2025-08-04T00:00:00,DXY.cash,63,0.91315806540210709,0.066330482463868842,success,64,90.812066283862919,88.459246913248563,false,false,4.1788203952237373,11.956985555214382,,,
2025-08-05T00:00:00,DXY.cash,63,0.91876806480277284,0.049364564980250637,success,64,90.812066352665781,88.38634110041707,false,false,3.10996759375579,12.676477311230057,,,
2025-08-06T00:00:00,DXY.cash,63,0.90344984563058306,0.032828332493541494,success,64,90.812066240686718,88.57590825112338,false,false,2.0681849470931142,12.318246735559354,,,
2025-08-07T00:00:00,DXY.cash,63,0.95449407135737252,1.5975236359300019e-08,success,64,90.812066312036279,87.768727497451067,false,false,1.0064398906359012e-06,1.5281498609979052,,,
2025-08-08T00:00:00,DXY.cash,63,0.96651728831958161,0.84147997282525744,success,64,90.811588466534971,87.448918516874187,false,false,53.013238287991221,53.512561825269131,,,
2025-08-11T00:00:00,DXY.cash,63,0.95746768719948372,0.82602935515961673,success,64,90.782060474613331,87.66803258941458,false,false,52.039849375055852,46.318932710991021,,,
2025-08-12T00:00:00,DXY.cash,63,0.94563878820506753,0.81055230243319287,success,64,90.795527873193294,87.939318088775153,false,false,51.064795053291149,29.022789388720273,,,
2025-08-13T00:00:00,DXY.cash,63,0.92452773666278243,0.79408330738188426,success,64,90.785286395441915,88.2797685590062,false,false,50.027248365058711,59.607416889408476,,,
2025-08-14T00:00:00,DXY.cash,63,0.92548807966303226,0.77778115093293188,success,64,90.775043523142088,88.255681388209368,false,false,49.000212508774709,2471.9073075127631,,,
2025-08-15T00:00:00,DXY.cash,63,0.89821494337394281,0.68331280482204415,success,64,90.811767040413258,88.634220944724078,false,false,43.048706703788781,11.45410800728791,,,
2025-08-18T00:00:00,DXY.cash,63,0.89471967596650304,0.7462531782938413,success,64,90.812066899711112,88.672182987105785,false,false,47.013950232512002,54.162006588170648,,,
2025-08-19T00:00:00,DXY.cash,63,0.85649076089323717,0.65134238687962986,success,64,90.812008335621755,89.025564222110305,false,false,41.034570373416685,13.322581713269443,,,
2025-08-20T00:00:00,DXY.cash,63,0.83659699804768739,0.71438135664855451,success,64,90.793214352293333,89.160091435626725,false,false,45.006025468858937,105.42351897013066,,,
2025-08-21T00:00:00,DXY.cash,63,0.83740416192971079,0.6194295290996662,success,64,90.784983814564299,89.145944591592297,false,false,39.024060333278968,88.764094098758889,,,
2025-08-22T00:00:00,DXY.cash,63,0.91905657890053727,0.68261438002639296,success,64,90.812066478029436,88.382469197503937,false,false,43.004705941662756,163.62322131442991,,,
2025-08-25T00:00:00,DXY.cash,63,0.91120159660340039,0.60885957198688312,success,64,90.812066293817665,88.483670799556052,false,false,38.358153035173636,0.68203139733049145,,,
2025-08-26T00:00:00,DXY.cash,63,0.93978785244178842,0.65094646831823211,success,64,90.812066225410121,88.064286183149193,false,false,41.009627504048623,84.296281774369888,,,
2025-08-27T00:00:00,DXY.cash,63,0.93251400686915142,0.63500643618705388,success,64,90.812066319588041,88.186102214584537,false,false,40.005405479784393,145.6905622711536,,,
2025-08-28T00:00:00,DXY.cash,63,0.85424454943627293,0.55264996369881614,success,64,90.812066247391783,89.04377895813704,false,false,34.816947713025414,0.75763757863707026,,,
2025-08-29T00:00:00,DXY.cash,63,0.91331300782742986,0.523884064768249,success,64,90.812066328538251,88.457291512194246,false,false,33.00469608039969,154.97277250015378,,,
2025-09-01T00:00:00,DXY.cash,63,0.92291396468419362,0.50795292802815872,success,64,90.812066228067962,88.329452350458553,false,false,32.001034465773998,726.25775027977045,,,
2025-09-02T00:00:00,DXY.cash,63,0.93818665490537168,0.49245462546220325,success,64,90.812066239199879,88.092236598748073,false,false,31.024641404118807,32.343947174404988,,,
2025-09-03T00:00:00,DXY.cash,63,0.91179356473548467,0.55769516084358339,success,64,90.812068623511095,88.476334936049355,false,false,35.134795133145751,38.611910734435249,,,
2025-09-04T00:00:00,DXY.cash,63,0.90817589013733968,0.54427555639067471,success,64,90.812066357390449,88.520503183757327,false,false,34.289360052612508,21.155950568443497,,,
2025-09-05T00:00:00,DXY.cash,63,0.88682639447533018,0.4497713530943146,success,64,90.812066252840992,88.753339983650548,false,false,28.335595244941821,22.790700281464744,,,
2025-09-08T00:00:00,DXY.cash,63,0.8834997646411562,0.50794324578496053,success,64,90.81206626879127,88.786068536676567,false,false,32.000424484452516,1597.4549437257283,,,
2025-09-09T00:00:00,DXY.cash,63,0.86416671217973751,0.41271966088602624,success,64,90.81206626037239,88.961728865217012,false,false,26.001338635819653,488.95021401918831,,,
2025-09-10T00:00:00,DXY.cash,63,0.93050686210317202,0.31577028431479243,success,64,90.812066305397934,88.217564867100776,false,false,19.893527911831924,0.66811725234310981,,,
2025-09-11T00:00:00,DXY.cash,63,0.90023516719234953,0.38597115351052097,success,64,90.812066362832539,88.612226081301245,false,false,24.316182671162821,18.300088144530239,,,
2025-09-12T00:00:00,DXY.cash,63,0.8618775358902816,0.37045859745692855,success,64,90.81206624152388,88.981093763402725,false,false,23.3388916397865,20.782087454700395,,,
2025-09-15T00:00:00,DXY.cash,63,0.74854798122947452,0.51836287885140298,success,64,90.812066306291499,89.721183192409796,false,false,32.656861367638385,26.130341222112925,,,
2025-09-16T00:00:00,DXY.cash,63,0.85564898595118266,0.50784281243751761,success,64,90.812068868587076,89.032456570700816,false,false,31.994097183563611,325.93349035571424,,,
2025-09-17T00:00:00,DXY.cash,63,0.79259018896941991,0.74592536977917734,success,64,90.812066805593844,89.471457102750705,false,false,46.99329829608817,93.608375924057597,,,
2025-09-18T00:00:00,DXY.cash,63,0.76082128138014782,0.4713323970486607,success,64,90.812066347867429,89.654878913794036,false,false,29.693941014065626,24.789171342080362,,,
2025-09-19T00:00:00,DXY.cash,63,0.80316941910886919,0.46030245853343221,success,64,90.812066638507858,89.405844327367092,false,false,28.999054887606228,560.16001004192526,,,
2025-09-22T00:00:00,DXY.cash,63,0.81049909158898248,0.44429636411285878,success,64,90.812066673087699,89.358810270952503,false,false,27.990670939110103,58.00357296159622,,,
2025-09-23T00:00:00,DXY.cash,63,0.8443956993819034,0.42847485109936778,success,64,90.812066226359164,89.120761253799373,false,false,26.993915619260171,97.635125509324865,,,
2025-09-24T00:00:00,DXY.cash,63,0.80411216653481021,0.41253150388744936,success,64,90.81206635990975,89.399869807024047,false,false,25.989484744909308,50.365205456895424,,,
2025-09-25T00:00:00,DXY.cash,63,0.80504558905652157,0.39672138123983169,success,64,90.812066258926578,89.393933091940369,false,false,24.993447018109396,81.135965513457293,,,
2025-09-26T00:00:00,DXY.cash,63,0.7369480905776955,0.42764639075490962,success,64,90.812066211626885,89.781900142258252,false,false,26.941722617559307,7.5029419826427279,,,
2025-09-29T00:00:00,DXY.cash,63,0.83952790809753053,0.36467152432913702,success,64,90.81206621485336,89.157346540397967,false,false,22.974306032735633,22.986241922175857,,,
2025-09-30T00:00:00,DXY.cash,63,0.82544570640607051,0.6029353197239542,success,64,90.812066256456632,89.258378597138531,false,false,37.984925142609114,40.226354898845791,,,
2025-10-01T00:00:00,DXY.cash,63,0.90305022737809471,0.33302303615013129,success,64,90.812066218459321,88.580481080173556,false,false,20.980451277458272,36.674998295633586,,,
2025-10-02T00:00:00,DXY.cash,63,0.92777958582106623,0.31670172543187086,success,64,90.812066444584332,88.258995006082941,false,false,19.952208702207866,16.314024291715445,,,
2025-10-03T00:00:00,DXY.cash,63,0.93438185570990751,0.30142379892943844,success,64,90.812066348485374,88.156033402212756,false,false,18.989699332554622,78.154752936989809,,,
2025-10-06T00:00:00,DXY.cash,63,0.93919003582274496,0.28179373856045853,success,64,90.812066218641306,88.074802038880293,false,false,17.753005529308886,16.592293896795379,,,
2025-10-07T00:00:00,DXY.cash,63,0.91553115149785902,0.52361013113092403,success,64,90.812066318700658,88.428944738019112,false,false,32.987438261248215,59.768454258356861,,,
2025-10-08T00:00:00,DXY.cash,63,0.93605083018947277,0.50793003765749811,success,64,90.812066277426098,88.128485042753027,false,false,31.999592372422381,1961.9473249207153,,,
2025-10-09T00:00:00,DXY.cash,63,0.9275079990831927,0.49197924761158246,success,64,90.812066312923591,88.263041117722352,false,false,30.994692599529696,146.10719087664259,,,
2025-10-10T00:00:00,DXY.cash,63,0.93286466030309767,0.47601718696573775,success,64,90.812066280642853,88.180516726361844,false,false,29.989082778841478,71.812479076198642,,,
2025-10-13T00:00:00,DXY.cash,63,0.93062787818614934,0.45583823445911664,success,64,90.812066360071768,88.215691947730974,false,false,28.71780877092435,15.866115733132251,,,
2025-10-14T00:00:00,DXY.cash,63,0.94489148332532658,0.44046179148699366,success,64,90.812066412797051,87.970300596169992,false,false,27.749092863680602,15.450525193014848,,,
2025-10-15T00:00:00,DXY.cash,63,0.95407846341887481,0.42840932521112102,success,64,90.812066299809146,87.778254598556614,false,false,26.989787488300625,82.668371069604589,,,
2025-10-16T00:00:00,DXY.cash,63,0.96386391706676411,0.41243117164151016,success,64,90.812066266954787,87.528408040557991,false,false,25.983163813415139,52.627477555768948,,,
2025-10-17T00:00:00,DXY.cash,63,0.96426462672230007,0.39675574008419801,success,64,90.812066282715776,87.516841563062385,false,false,24.995611625304473,202.10419174549349,,,
2025-10-20T00:00:00,DXY.cash,63,0.96897686025842888,0.38084448801482806,success,64,90.812066237043695,87.370558874771731,false,false,23.99320274493417,134.12624968244185,,,
2025-10-21T00:00:00,DXY.cash,63,0.99535670597599146,0.10625303024499118,success,64,90.812066345544352,85.444389207494879,false,false,6.6939409054344443,23.922260415385182,,,
2025-10-22T00:00:00,DXY.cash,63,0.87671969874689071,0.60289426706126026,success,64,90.812066635384895,88.850339942502004,false,false,37.982338824859397,12.966719710710647,,,
2025-10-23T00:00:00,DXY.cash,63,0.98967237387794127,0.33288449957972605,success,64,90.812067443127063,86.249515942715234,false,false,20.97172347352274,37.909708814076886,,,
2025-10-24T00:00:00,DXY.cash,63,0.98031214372861053,0.31734322941701532,success,64,90.812067039188392,86.904198016976466,false,false,19.992623453271964,134.8047547809511,,,
2025-10-27T00:00:00,DXY.cash,63,0.99855658203126041,0.04210261328135409,success,64,90.812066245923432,84.272769318118009,false,false,2.6524646367253077,23.969749737161564,,,
2025-10-28T00:00:00,DXY.cash,63,0.989912692951741,0.022562870850673506,success,64,90.812066301941229,86.225727457246421,false,false,1.4214608635924308,33.445695386429122,,,
2025-10-29T00:00:00,DXY.cash,63,0.99641267696404656,0.0043855237008381268,success,64,90.812066327764086,85.185311073602833,false,false,0.276287993152802,11.13303050647758,,,
2025-10-30T00:00:00,DXY.cash,63,0.79117250519157767,0.61770944989706944,success,64,90.812066299770521,89.480058798291211,false,false,38.915695343515374,15.887175701017723,,,
2025-10-31T00:00:00,DXY.cash,63,0.82203875537195592,0.60289892853449789,success,64,90.812066262036524,89.281844520214733,false,false,37.982632497673364,13.20811719367005,,,
2025-11-03T00:00:00,DXY.cash,63,0.86444321203833752,0.58661012267221246,success,64,90.812066941722165,88.959371979419771,false,false,36.956437728349385,15.549280523407546,,,
2025-11-04T00:00:00,DXY.cash,63,0.85764353851157071,0.57127708914522157,success,64,90.812066295763799,89.016211943134849,false,false,35.990456616148961,14.703080689623377,,,
2025-11-05T00:00:00,DXY.cash,63,0.79581522658650616,0.19042694760724366,success,64,90.81206728534832,89.45172558977886,false,false,11.996897699256351,214.27193098767572,,,
2025-11-06T00:00:00,DXY.cash,63,0.85776791876575742,0.1745884186461388,success,64,90.812081219777326,89.015207746180749,false,false,10.999070374706745,816.07561863805438,,,
2025-11-07T00:00:00,DXY.cash,63,0.88950311230074963,0.52293536902048832,success,64,90.812066288706092,88.726390637617001,false,false,32.944928248290765,14.252150079791274,,,
2025-11-10T00:00:00,DXY.cash,63,0.93978300246171942,0.73620771677628727,success,64,90.812066282445144,88.064371945871102,false,false,46.3810861569061,5.7476941369119015,,,
2025-11-11T00:00:00,DXY.cash,63,0.95954429931796259,0.72562506881168731,success,64,90.812066295600161,87.645815377194197,false,false,45.7143793351363,2.663085465716736,,,
2025-11-12T00:00:00,DXY.cash,63,0.96800318820118592,0.70381973851768254,success,64,90.812066336588444,87.402467222270161,false,false,44.340643526614002,5.8461013335443059,,,
2025-11-13T00:00:00,DXY.cash,63,0.95784449290252882,0.6942768861523001,success,64,90.812066353171417,87.688746243770595,false,false,43.739443827594904,2.2537947166733572,,,
2025-11-14T00:00:00,DXY.cash,63,0.94560357331473555,0.44386132284673208,success,64,90.812066343452159,87.956541383693164,false,false,27.96326333934412,13.789516334085208,,,
2025-11-17T00:00:00,DXY.cash,63,0.97642754015255773,0.66189913116492127,success,64,90.812066338984536,87.088244870045671,false,false,41.699645263390039,2.2972165788980514,,,
2025-11-18T00:00:00,DXY.cash,63,0.98031989227879213,0.036393736866587152,success,64,90.812066333126879,86.903795759280996,false,false,2.2928054225949905,10.66687277032484,,,
2025-11-19T00:00:00,DXY.cash,63,0.87472280494069787,0.30434324842913651,success,64,90.81206624825478,88.868688049059045,false,false,19.173624651035599,2.3675599792054398,,,
2025-11-20T00:00:00,DXY.cash,63,0.92078360939415527,0.41208592382369741,success,64,90.622729947423224,88.169688120074042,false,false,25.961413200892938,1.0615532153922311,,,
2025-11-21T00:00:00,DXY.cash,63,0.70344452891344111,0.28797690638810375,success,64,90.443969183053795,89.580214447001396,false,false,18.142545102450537,16.094022560536722,,,
2025-11-24T00:00:00,DXY.cash,63,0.9706138290906936,0.6248366767056045,success,64,90.450165586667936,86.952761088265063,false,false,39.364710632453082,0.50232475123287323,,,
2025-11-25T00:00:00,DXY.cash,63,0.9638600504218503,0.60863945393015451,success,64,90.470444659423919,87.186897441245222,false,false,38.344285597599736,0.45846619158525131,,,
2025-11-26T00:00:00,DXY.cash,63,0.97361112712733056,0.59242778386059824,success,64,90.37757840116781,86.769508869918724,false,false,37.322950383217687,0.46445866523873708,,,
2025-11-27T00:00:00,DXY.cash,63,0.98481501069357524,0.4833955335034319,success,64,90.393155869822181,86.22100944696821,false,false,30.453918610716208,3.5051087383729911,,,
2025-11-28T00:00:00,DXY.cash,63,0.98491689237256919,0.55558082072532422,success,64,90.146468648149764,85.967486801201744,false,false,35.001591705695425,0.46356937284052963,,,
2025-12-01T00:00:00,DXY.cash,63,0.97779990175424314,0.50301386232980616,success,64,89.809815279432456,86.024606944117238,false,false,31.689873326777789,4.0236530526199772,,,
2025-12-02T00:00:00,DXY.cash,63,0.98455133191254773,0.4867741269191273,success,64,89.716204672413255,85.561541427305215,false,false,30.666769995905021,4.013059785360138,,,
2025-12-03T00:00:00,DXY.cash,63,0.97365633875716839,0.47026951759140523,success,64,89.45070534570327,85.840874625277024,false,false,29.62697960825853,3.4439347634940574,,,
2025-12-04T00:00:00,DXY.cash,63,0.96164096322836579,0.45587418928756879,success,64,90.032337768542206,86.810686746108871,false,false,28.720073925116832,3.5437619113885601,,,
2025-12-05T00:00:00,DXY.cash,63,0.96474625459429131,0.43965254524700453,success,64,89.865414833947696,86.556121492050792,false,false,27.698110350561286,3.6985580575962187,,,
2025-12-08T00:00:00,DXY.cash,63,0.97223669258279688,0.42354762199887686,success,64,89.927932004365601,86.372047990474087,false,false,26.68350018592924,3.6089360196456668,,,
2025-12-09T00:00:00,DXY.cash,63,0.98147361977885461,0.40717492635483327,success,64,89.847203741162971,85.877344279533233,false,false,25.652020360354495,3.5333044106030256,,,
2025-12-10T00:00:00,DXY.cash,63,0.9543568813523351,0.43066771566321049,success,64,89.933326229536547,86.893141392690097,false,false,27.13206608678226,0.43922459732902691,,,
2025-12-11T00:00:00,DXY.cash,63,0.9668398472625247,0.41180930277658806,success,64,89.529429882040304,86.156745954771509,false,false,25.943986074925046,0.41907728115443249,,,
2025-12-12T00:00:00,DXY.cash,63,0.97438075599434004,0.36133611811025429,success,64,89.918869139765874,86.280410780657988,false,false,22.764175440946019,1.8395445700753059,,,
2025-12-15T00:00:00,DXY.cash,63,0.76889210242988837,0.59885893755514463,success,64,89.2923531810968,88.090287220886964,false,false,37.728113065974114,1.4176461404993801,,,
2025-12-16T00:00:00,DXY.cash,63,0.80151716645591875,0.58206938471626279,success,64,89.504274429709952,88.108470655479707,false,false,36.670371237124556,1.4208632530898282,,,
2025-12-17T00:00:00,DXY.cash,63,0.95142512054085449,0.31284077655068493,success,64,89.814930219473595,86.840075745779629,false,false,19.708968922693149,3.3324335045449462,,,
2025-12-18T00:00:00,DXY.cash,63,0.95620587249770805,0.33931646735199245,success,64,89.488084868320627,86.404611363755649,false,false,21.376937443175525,0.49958387885449285,,,
2025-12-19T00:00:00,DXY.cash,63,0.95047983299864991,0.28498918894085318,success,64,89.611980138281297,86.657393194606115,false,false,17.954318903273752,26.370314602790071,,,
2025-12-22T00:00:00,DXY.cash,63,0.84487297611451395,0.65079275377702894,success,64,89.650045071935153,87.955103070246381,false,false,40.999943487952827,3779.6023023289986,,,
2025-12-23T00:00:00,DXY.cash,63,0.9082231742253154,0.30162628936436647,success,64,90.01070917309994,87.718578861323365,false,false,19.002456229955087,0.52922966702203911,,,
2025-12-24T00:00:00,DXY.cash,63,0.65543743571997937,0.61886126282515452,success,64,89.60289816997836,88.95987099936103,false,false,38.988259557984733,14.628242674138882,,,
2025-12-26T00:00:00,DXY.cash,63,0.64401003905414089,0.46031599678542429,success,64,89.759977627107432,89.167165843395324,false,false,28.999907797481729,13.370950421649002,,,
2025-12-29T00:00:00,DXY.cash,63,0.6512469901283634,0.444384351618482,success,64,89.84239265638881,89.217867648570447,false,false,27.996214151964367,14.72316263489582,,,
2025-12-30T00:00:00,DXY.cash,63,0.65394163865781008,0.39463499586435091,success,64,89.887090469564811,89.250679794848992,false,false,24.862004739454107,14.64621615378652,,,
2025-12-31T00:00:00,DXY.cash,63,0.67212168121711402,0.37866697500055391,success,64,89.851179607658281,89.133382770520981,false,false,23.856019425034898,15.454604460528321,,,
2026-01-02T00:00:00,DXY.cash,63,0.92347428552925503,0.15478176199034574,success,64,89.785656410286521,87.295140276839732,false,false,9.7512510053917811,2.0920649114570247,,,
2026-01-05T00:00:00,DXY.cash,63,0.75573634276696822,0.34659652742566155,success,64,89.582789122691267,88.453344764630231,false,false,21.835581227816679,16.647909749657583,,,
2026-01-06T00:00:00,DXY.cash,63,0.66441532368324474,0.57989224479843071,success,64,90.124901712757406,89.4418685843346,false,false,36.533211422301136,4.5891662895385172,,,
2026-01-07T00:00:00,DXY.cash,63,0.72530181833947038,0.5791311054353756,success,64,90.375270314017072,89.404355418348459,false,false,36.485259642428666,0.91115387903939293,,,
2026-01-08T00:00:00,DXY.cash,63,0.75119392607905888,0.47593690447735998,success,64,90.532508945520107,89.427518876715553,false,false,29.984024982073677,18.222286777756839,,,
2026-01-09T00:00:00,DXY.cash,63,0.6723235282540142,0.47507661298983428,success,64,89.886412143422504,89.167699232876998,false,false,29.929826618359559,1.9766725670118528,,,
2026-01-12T00:00:00,DXY.cash,63,0.75525858115117717,0.71815617215636007,success,64,89.750371378597492,88.623513416307077,false,false,45.243838845850682,1.2111271809143886,,,
2026-01-13T00:00:00,DXY.cash,63,0.80707337929587397,0.70405736690760989,success,64,89.866658531782818,88.435553852154712,false,false,44.355614115179421,1.1821655358810477,,,
2026-01-14T00:00:00,DXY.cash,63,0.79949378683089189,0.66641915098638516,success,64,90.141686628379787,88.758553102095533,false,false,41.984406512142264,21.944332437561211,,,
2026-01-15T00:00:00,DXY.cash,63,0.68266569997064608,0.39681506631730856,success,64,90.420993313631158,89.6549438246291,false,false,24.999349177990439,25.565774353684681,,,
2026-01-16T00:00:00,DXY.cash,63,0.80248327333261726,0.2557707977605494,success,64,90.267576564522088,88.865688825676131,false,false,16.11356025891461,1.7247944228302723,,,
2026-01-19T00:00:00,DXY.cash,63,0.72642264943205725,0.38300853429980014,success,64,90.402609433134657,89.426061825257918,false,false,24.129537660887408,1.9765391706977831,,,
2026-01-20T00:00:00,DXY.cash,63,0.61884956722125606,0.52823752255307965,success,64,90.149186650417164,89.664518566647573,false,false,33.278963920844021,1.4981448678918012,,,
2026-01-21T00:00:00,DXY.cash,63,0.84742304775957777,0.43225198191276409,success,64,90.368488244908065,88.653957282512167,false,false,27.231874860504139,0.95944287070902057,,,
2026-01-22T00:00:00,DXY.cash,63,0.86833546713406506,0.41731846656035437,success,64,90.454680304461519,88.568359451613276,false,false,26.291063393302327,0.87776959640216123,,,
2026-01-23T00:00:00,DXY.cash,63,0.97287675814018404,0.93616403284925453,success,64,89.829334462320716,86.249468043415391,false,false,58.978334069503035,3.5448470381161781,,,
2026-01-26T00:00:00,DXY.cash,63,0.95939500759534291,0.91957602186206999,success,64,89.058563511744623,85.896151651043994,false,false,57.933289377310409,4.9823447313256137,,,
2026-01-27T00:00:00,DXY.cash,63,0.99934275096706704,0.99999998412698421,success,64,86.389774183159616,79.062984082536303,false,false,62.999999000000003,0.63595276631033604,,,
2026-01-28T00:00:00,DXY.cash,63,0.99995630031792415,0.96744053026278609,success,64,89.731676840580576,79.693550810178067,false,false,60.948753406555525,0.45179005540738348,,,
2026-01-29T00:00:00,DXY.cash,63,0.99994457752385923,0.92039648914100125,success,64,90.030292144893821,80.229822228932292,false,false,57.984978815883082,12.048135249238429,,,
2026-01-30T00:00:00,DXY.cash,63,0.99999902069212787,0.90039028415951572,success,64,90.457639780005351,76.621220991653004,false,false,56.724587902049493,0.577702553707518,,,
2026-02-02T00:00:00,DXY.cash,63,0.99999867263729203,0.87531758712683527,success,64,90.087521554741713,76.55520637143421,false,false,55.145007988990621,0.65369004689625043,,,
2026-02-03T00:00:00,DXY.cash,63,0.99999702057363227,0.85384112231985498,success,64,90.362326203020757,77.638549412446011,false,false,53.791990706150862,0.75106089493342976,,,
2026-02-04T00:00:00,DXY.cash,63,0.99999656891160815,0.83312555523164877,success,64,90.214727977179891,77.632098376577616,false,false,52.486909979593875,0.80200271815860769,,,
2026-02-05T00:00:00,DXY.cash,63,0.99999303810419837,0.81359218406838141,success,64,90.078334386965963,78.203282613479786,false,false,51.256307596308027,0.85553954967028489,,,
2026-02-06T00:00:00,DXY.cash,63,0.99999492038011395,0.79435970240449061,success,64,90.277296284843615,78.08702723973424,false,false,50.044661251482907,0.91350354002950362,,,
2026-02-09T00:00:00,DXY.cash,63,0.99999733349436215,0.78146033293956585,success,64,90.254069892471705,77.419330866422754,false,false,49.232000975192648,0.86708701332049953,,,
2026-02-10T00:00:00,DXY.cash,63,0.99999351562629413,0.76324895669444903,success,64,90.315212568699081,78.369103732430148,false,false,48.084684271750291,0.92268309899325363,,,
2026-02-11T00:00:00,DXY.cash,63,0.99998620532614668,0.74487693499538588,success,64,90.350138886767255,79.158924688576676,false,false,46.927246904709307,0.9799903814293619,,,
2026-02-12T00:00:00,DXY.cash,63,0.99996706193163165,0.72717425580426065,success,64,90.332481520960386,80.011632983723231,false,false,45.811978115668424,1.0326349388772416,,,
2026-02-13T00:00:00,DXY.cash,63,0.99996016041645075,0.70709292212581065,success,64,90.230381032688413,80.099771294683322,false,false,44.546854093926072,1.1307006475528028,,,
2026-02-16T00:00:00,DXY.cash,63,0.99992829227689062,0.69047929335718383,success,64,90.282937394358513,80.740097002711451,false,false,43.50019548150258,1.189541865985394,,,
2026-02-17T00:00:00,DXY.cash,63,0.99988674243454512,0.67439070514639488,success,64,90.349780369552306,81.26404764083378,false,false,42.486614424222878,1.246718570151905,,,
2026-02-18T00:00:00,DXY.cash,63,0.99990248993213671,0.65846125716334847,success,64,90.30063972470235,81.065182314369608,false,false,41.483059201290956,1.2569056027474068,,,
2026-02-19T00:00:00,DXY.cash,63,0.99997102902529966,0.63430770773940337,success,64,90.294397534714648,79.845210404518696,false,false,39.961385587582413,7.5377550029401341,,,
2026-02-20T00:00:00,DXY.cash,63,0.99994658631308231,0.61761688505099355,success,64,90.303554949561843,80.466164829155048,false,false,38.909863758212595,4.4625759261023337,,,
2026-02-23T00:00:00,DXY.cash,63,0.99989641403240304,0.60279974664656211,success,64,90.333265808393961,81.158260714508373,false,false,37.976384038733414,19.098011080885083,,,
