timestamp,asset_id,close
2019-04-15T00:00:00,XTZUSD,1.077
2019-04-16T00:00:00,XTZUSD,1.147
2019-04-17T00:00:00,XTZUSD,1.258
2019-04-18T00:00:00,XTZUSD,1.3559999999999999
2019-04-19T00:00:00,XTZUSD,1.343
2019-04-20T00:00:00,XTZUSD,1.347
2019-04-21T00:00:00,XTZUSD,1.328
2019-04-22T00:00:00,XTZUSD,1.3479999999999999
2019-04-23T00:00:00,XTZUSD,1.462
2019-04-24T00:00:00,XTZUSD,1.25
2019-04-25T00:00:00,XTZUSD,1.138
2019-04-26T00:00:00,XTZUSD,1.1400000000000001
2019-04-27T00:00:00,XTZUSD,1.229
2019-04-28T00:00:00,XTZUSD,1.171
2019-04-29T00:00:00,XTZUSD,1.134
2019-04-30T00:00:00,XTZUSD,1.21
2019-05-01T00:00:00,XTZUSD,1.197
2019-05-02T00:00:00,XTZUSD,1.297
2019-05-03T00:00:00,XTZUSD,1.311
2019-05-04T00:00:00,XTZUSD,1.209
2019-05-05T00:00:00,XTZUSD,1.165
2019-05-06T00:00:00,XTZUSD,1.215
2019-05-07T00:00:00,XTZUSD,1.221
2019-05-08T00:00:00,XTZUSD,1.177
2019-05-09T00:00:00,XTZUSD,1.106
2019-05-10T00:00:00,XTZUSD,1.1179999999999999
2019-05-11T00:00:00,XTZUSD,1.2810000000000001
2019-05-12T00:00:00,XTZUSD,1.221
2019-05-13T00:00:00,XTZUSD,1.332
2019-05-14T00:00:00,XTZUSD,1.451
2019-05-15T00:00:00,XTZUSD,1.754
2019-05-16T00:00:00,XTZUSD,1.7029999999999998
2019-05-17T00:00:00,XTZUSD,1.662
2019-05-18T00:00:00,XTZUSD,1.6440000000000001
2019-05-19T00:00:00,XTZUSD,1.829
2019-05-20T00:00:00,XTZUSD,1.677
2019-05-21T00:00:00,XTZUSD,1.653
2019-05-22T00:00:00,XTZUSD,1.556
2019-05-23T00:00:00,XTZUSD,1.609
2019-05-24T00:00:00,XTZUSD,1.576
2019-05-25T00:00:00,XTZUSD,1.571
2019-05-26T00:00:00,XTZUSD,1.6600000000000001
2019-05-27T00:00:00,XTZUSD,1.651
2019-05-28T00:00:00,XTZUSD,1.5819999999999999
2019-05-29T00:00:00,XTZUSD,1.597
2019-05-30T00:00:00,XTZUSD,1.482
2019-05-31T00:00:00,XTZUSD,1.5070000000000001
2019-06-01T00:00:00,XTZUSD,1.4769999999999999
2019-06-02T00:00:00,XTZUSD,1.516
2019-06-03T00:00:00,XTZUSD,1.4
2019-06-04T00:00:00,XTZUSD,1.21
2019-06-05T00:00:00,XTZUSD,1.185
2019-06-06T00:00:00,XTZUSD,1.332
2019-06-07T00:00:00,XTZUSD,1.328
2019-06-08T00:00:00,XTZUSD,1.2650000000000001
2019-06-09T00:00:00,XTZUSD,1.221
2019-06-10T00:00:00,XTZUSD,1.303
2019-06-11T00:00:00,XTZUSD,1.288
2019-06-12T00:00:00,XTZUSD,1.263
2019-06-13T00:00:00,XTZUSD,1.275
2019-06-14T00:00:00,XTZUSD,1.229
2019-06-15T00:00:00,XTZUSD,1.245
2019-06-16T00:00:00,XTZUSD,1.297
2019-06-17T00:00:00,XTZUSD,1.324
2019-06-18T00:00:00,XTZUSD,1.224
2019-06-19T00:00:00,XTZUSD,1.199
2019-06-20T00:00:00,XTZUSD,1.13
2019-06-21T00:00:00,XTZUSD,1.167
2019-06-22T00:00:00,XTZUSD,1.229
2019-06-23T00:00:00,XTZUSD,1.192
2019-06-24T00:00:00,XTZUSD,1.161
2019-06-25T00:00:00,XTZUSD,1.09
2019-06-26T00:00:00,XTZUSD,1.103
2019-06-27T00:00:00,XTZUSD,0.976
2019-06-28T00:00:00,XTZUSD,1.014
2019-06-29T00:00:00,XTZUSD,1.032
2019-06-30T00:00:00,XTZUSD,0.936
2019-07-01T00:00:00,XTZUSD,0.921
2019-07-02T00:00:00,XTZUSD,1.013
2019-07-03T00:00:00,XTZUSD,1.26
2019-07-04T00:00:00,XTZUSD,1.205
2019-07-05T00:00:00,XTZUSD,1.2810000000000001
2019-07-06T00:00:00,XTZUSD,1.216
2019-07-07T00:00:00,XTZUSD,1.198
2019-07-08T00:00:00,XTZUSD,1.225
2019-07-09T00:00:00,XTZUSD,1.227
2019-07-10T00:00:00,XTZUSD,1.179
2019-07-11T00:00:00,XTZUSD,1.023
2019-07-12T00:00:00,XTZUSD,1.081
2019-07-13T00:00:00,XTZUSD,0.996
2019-07-14T00:00:00,XTZUSD,0.938
2019-07-15T00:00:00,XTZUSD,0.996
2019-07-16T00:00:00,XTZUSD,0.863
2019-07-17T00:00:00,XTZUSD,0.924
2019-07-18T00:00:00,XTZUSD,0.985
2019-07-19T00:00:00,XTZUSD,0.984
2019-07-20T00:00:00,XTZUSD,1.053
2019-07-21T00:00:00,XTZUSD,1.086
2019-07-22T00:00:00,XTZUSD,1.12
2019-07-23T00:00:00,XTZUSD,1.078
2019-07-24T00:00:00,XTZUSD,1.012
2019-07-25T00:00:00,XTZUSD,1.04
2019-07-26T00:00:00,XTZUSD,1.04
2019-07-27T00:00:00,XTZUSD,1.015
2019-07-28T00:00:00,XTZUSD,1.016
2019-07-29T00:00:00,XTZUSD,1.014
2019-07-30T00:00:00,XTZUSD,1.228
2019-07-31T00:00:00,XTZUSD,1.288
2019-08-01T00:00:00,XTZUSD,1.425
2019-08-02T00:00:00,XTZUSD,1.429
2019-08-03T00:00:00,XTZUSD,1.43
2019-08-04T00:00:00,XTZUSD,1.44
2019-08-05T00:00:00,XTZUSD,1.467
2019-08-06T00:00:00,XTZUSD,1.475
2019-08-07T00:00:00,XTZUSD,1.3479999999999999
2019-08-08T00:00:00,XTZUSD,1.579
2019-08-09T00:00:00,XTZUSD,1.433
2019-08-10T00:00:00,XTZUSD,1.3900000000000001
2019-08-11T00:00:00,XTZUSD,1.379
2019-08-12T00:00:00,XTZUSD,1.365
2019-08-13T00:00:00,XTZUSD,1.2530000000000001
2019-08-14T00:00:00,XTZUSD,1.147
2019-08-15T00:00:00,XTZUSD,1.217
2019-08-16T00:00:00,XTZUSD,1.224
2019-08-17T00:00:00,XTZUSD,1.195
2019-08-18T00:00:00,XTZUSD,1.205
2019-08-19T00:00:00,XTZUSD,1.216
2019-08-20T00:00:00,XTZUSD,1.161
2019-08-21T00:00:00,XTZUSD,1.1219999999999999
2019-08-22T00:00:00,XTZUSD,1.138
2019-08-23T00:00:00,XTZUSD,1.177
2019-08-24T00:00:00,XTZUSD,1.15
2019-08-25T00:00:00,XTZUSD,1.138
2019-08-26T00:00:00,XTZUSD,1.165
2019-08-27T00:00:00,XTZUSD,1.125
2019-08-28T00:00:00,XTZUSD,1.056
2019-08-29T00:00:00,XTZUSD,0.995
2019-08-30T00:00:00,XTZUSD,1.061
2019-08-31T00:00:00,XTZUSD,1.039
2019-09-01T00:00:00,XTZUSD,1.031
2019-09-02T00:00:00,XTZUSD,1.065
2019-09-03T00:00:00,XTZUSD,1.034
2019-09-06T00:00:00,XTZUSD,0.997
2019-09-07T00:00:00,XTZUSD,1.019
2019-09-08T00:00:00,XTZUSD,1.069
2019-09-09T00:00:00,XTZUSD,1.05
2019-09-10T00:00:00,XTZUSD,1.015
2019-09-11T00:00:00,XTZUSD,1.002
2019-09-13T00:00:00,XTZUSD,0.981
2019-09-14T00:00:00,XTZUSD,1
2019-09-18T00:00:00,XTZUSD,1.086
2019-09-19T00:00:00,XTZUSD,1.089
2019-09-20T00:00:00,XTZUSD,1.063
2019-09-21T00:00:00,XTZUSD,1.073
2019-09-22T00:00:00,XTZUSD,1.048
2019-09-23T00:00:00,XTZUSD,1.051
2019-09-24T00:00:00,XTZUSD,0.92
2019-09-25T00:00:00,XTZUSD,0.853
2019-09-26T00:00:00,XTZUSD,0.852
2019-09-27T00:00:00,XTZUSD,0.886
2019-09-28T00:00:00,XTZUSD,0.891
2019-09-29T00:00:00,XTZUSD,0.879
2019-09-30T00:00:00,XTZUSD,0.902
2019-10-01T00:00:00,XTZUSD,0.948
2019-10-02T00:00:00,XTZUSD,0.945
2019-10-03T00:00:00,XTZUSD,0.934
2019-10-04T00:00:00,XTZUSD,0.925
2019-10-05T00:00:00,XTZUSD,0.915
2019-10-06T00:00:00,XTZUSD,0.869
2019-10-07T00:00:00,XTZUSD,0.898
2019-10-08T00:00:00,XTZUSD,0.894
2019-10-09T00:00:00,XTZUSD,0.94
2019-10-10T00:00:00,XTZUSD,0.919
2019-10-11T00:00:00,XTZUSD,0.905
2019-10-12T00:00:00,XTZUSD,0.886
2019-10-13T00:00:00,XTZUSD,0.902
2019-10-14T00:00:00,XTZUSD,0.94
2019-10-15T00:00:00,XTZUSD,0.908
2019-10-16T00:00:00,XTZUSD,0.88
2019-10-17T00:00:00,XTZUSD,0.897
2019-10-18T00:00:00,XTZUSD,0.889
2019-10-19T00:00:00,XTZUSD,0.892
2019-10-20T00:00:00,XTZUSD,0.901
2019-10-21T00:00:00,XTZUSD,0.893
2019-10-22T00:00:00,XTZUSD,0.873
2019-10-23T00:00:00,XTZUSD,0.778
2019-10-24T00:00:00,XTZUSD,0.769
2019-10-25T00:00:00,XTZUSD,0.838
2019-10-26T00:00:00,XTZUSD,0.835
2019-10-27T00:00:00,XTZUSD,0.858
2019-10-28T00:00:00,XTZUSD,0.857
2019-10-29T00:00:00,XTZUSD,0.851
2019-10-30T00:00:00,XTZUSD,0.875
2019-10-31T00:00:00,XTZUSD,0.888
2019-11-01T00:00:00,XTZUSD,0.879
2019-11-02T00:00:00,XTZUSD,0.861
2019-11-03T00:00:00,XTZUSD,0.868
2019-11-04T00:00:00,XTZUSD,0.885
2019-11-05T00:00:00,XTZUSD,0.928
2019-11-06T00:00:00,XTZUSD,1.06
2019-11-07T00:00:00,XTZUSD,1.206
2019-11-08T00:00:00,XTZUSD,1.161
2019-11-09T00:00:00,XTZUSD,1.263
2019-11-10T00:00:00,XTZUSD,1.222
2019-11-11T00:00:00,XTZUSD,1.174
2019-11-12T00:00:00,XTZUSD,1.171
2019-11-13T00:00:00,XTZUSD,1.1320000000000001
2019-11-14T00:00:00,XTZUSD,1.214
2019-11-15T00:00:00,XTZUSD,1.171
2019-11-16T00:00:00,XTZUSD,1.159
2019-11-17T00:00:00,XTZUSD,1.156
2019-11-18T00:00:00,XTZUSD,1.207
2019-11-19T00:00:00,XTZUSD,1.204
2019-11-20T00:00:00,XTZUSD,1.207
2019-11-21T00:00:00,XTZUSD,1.2389999999999999
2019-11-22T00:00:00,XTZUSD,1.215
2019-11-23T00:00:00,XTZUSD,1.388
2019-11-24T00:00:00,XTZUSD,1.305
2019-11-25T00:00:00,XTZUSD,1.2349999999999999
2019-11-26T00:00:00,XTZUSD,1.241
2019-11-27T00:00:00,XTZUSD,1.252
2019-11-28T00:00:00,XTZUSD,1.274
2019-11-29T00:00:00,XTZUSD,1.315
2019-11-30T00:00:00,XTZUSD,1.338
2019-12-01T00:00:00,XTZUSD,1.262
2019-12-02T00:00:00,XTZUSD,1.244
2019-12-03T00:00:00,XTZUSD,1.29
2019-12-04T00:00:00,XTZUSD,1.2429999999999999
2019-12-05T00:00:00,XTZUSD,1.288
2019-12-06T00:00:00,XTZUSD,1.375
2019-12-07T00:00:00,XTZUSD,1.441
2019-12-08T00:00:00,XTZUSD,1.604
2019-12-09T00:00:00,XTZUSD,1.552
2019-12-10T00:00:00,XTZUSD,1.478
2019-12-11T00:00:00,XTZUSD,1.571
2019-12-12T00:00:00,XTZUSD,1.77
2019-12-13T00:00:00,XTZUSD,1.766
2019-12-14T00:00:00,XTZUSD,1.677
2019-12-15T00:00:00,XTZUSD,1.6680000000000001
2019-12-16T00:00:00,XTZUSD,1.658
2019-12-17T00:00:00,XTZUSD,1.5390000000000001
2019-12-18T00:00:00,XTZUSD,1.579
2019-12-19T00:00:00,XTZUSD,1.504
2019-12-20T00:00:00,XTZUSD,1.6
2019-12-21T00:00:00,XTZUSD,1.471
2019-12-22T00:00:00,XTZUSD,1.468
2019-12-23T00:00:00,XTZUSD,1.513
2019-12-24T00:00:00,XTZUSD,1.486
2019-12-25T00:00:00,XTZUSD,1.399
2019-12-26T00:00:00,XTZUSD,1.3639999999999999
2019-12-27T00:00:00,XTZUSD,1.375
2019-12-28T00:00:00,XTZUSD,1.321
2019-12-29T00:00:00,XTZUSD,1.312
2019-12-30T00:00:00,XTZUSD,1.324
2019-12-31T00:00:00,XTZUSD,1.346
2020-01-01T00:00:00,XTZUSD,1.37
2020-01-02T00:00:00,XTZUSD,1.238
2020-01-03T00:00:00,XTZUSD,1.28
2020-01-04T00:00:00,XTZUSD,1.251
2020-01-05T00:00:00,XTZUSD,1.252
2020-01-06T00:00:00,XTZUSD,1.307
2020-01-07T00:00:00,XTZUSD,1.295
2020-01-08T00:00:00,XTZUSD,1.33
2020-01-09T00:00:00,XTZUSD,1.282
2020-01-10T00:00:00,XTZUSD,1.307
2020-01-11T00:00:00,XTZUSD,1.304
2020-01-12T00:00:00,XTZUSD,1.308
2020-01-13T00:00:00,XTZUSD,1.2730000000000001
2020-01-14T00:00:00,XTZUSD,1.323
2020-01-15T00:00:00,XTZUSD,1.3439999999999999
2020-01-16T00:00:00,XTZUSD,1.486
2020-01-17T00:00:00,XTZUSD,1.472
2020-01-18T00:00:00,XTZUSD,1.482
2020-01-19T00:00:00,XTZUSD,1.423
2020-01-20T00:00:00,XTZUSD,1.592
2020-01-21T00:00:00,XTZUSD,1.534
2020-01-22T00:00:00,XTZUSD,1.596
2020-01-23T00:00:00,XTZUSD,1.5510000000000002
2020-01-24T00:00:00,XTZUSD,1.512
2020-01-25T00:00:00,XTZUSD,1.495
2020-01-26T00:00:00,XTZUSD,1.52
2020-01-27T00:00:00,XTZUSD,1.52
2020-01-28T00:00:00,XTZUSD,1.55
2020-01-29T00:00:00,XTZUSD,1.563
2020-01-30T00:00:00,XTZUSD,1.679
2020-01-31T00:00:00,XTZUSD,1.6520000000000001
2020-02-01T00:00:00,XTZUSD,1.75
2020-02-02T00:00:00,XTZUSD,1.927
2020-02-03T00:00:00,XTZUSD,2.196
2020-02-05T00:00:00,XTZUSD,2.144
2020-02-06T00:00:00,XTZUSD,2.164
2020-02-07T00:00:00,XTZUSD,2.194
2020-02-08T00:00:00,XTZUSD,2.294
2020-02-09T00:00:00,XTZUSD,2.657
2020-02-10T00:00:00,XTZUSD,2.6390000000000002
2020-02-11T00:00:00,XTZUSD,2.927
2020-02-12T00:00:00,XTZUSD,3.386
2020-02-13T00:00:00,XTZUSD,3.1310000000000002
2020-02-14T00:00:00,XTZUSD,3.493
2020-02-15T00:00:00,XTZUSD,3.198
2020-02-16T00:00:00,XTZUSD,3.233
2020-02-17T00:00:00,XTZUSD,3.15
2020-02-18T00:00:00,XTZUSD,3.435
2020-02-19T00:00:00,XTZUSD,3.561
2020-02-20T00:00:00,XTZUSD,3.618
2020-02-21T00:00:00,XTZUSD,3.495
2020-02-22T00:00:00,XTZUSD,3.315
2020-02-23T00:00:00,XTZUSD,3.535
2020-02-24T00:00:00,XTZUSD,3.189
2020-02-25T00:00:00,XTZUSD,2.801
2020-02-26T00:00:00,XTZUSD,2.758
2020-02-27T00:00:00,XTZUSD,2.791
2020-02-28T00:00:00,XTZUSD,2.791
2020-02-29T00:00:00,XTZUSD,2.742
2020-03-01T00:00:00,XTZUSD,2.62
2020-03-02T00:00:00,XTZUSD,2.7960000000000003
2020-03-03T00:00:00,XTZUSD,2.7560000000000002
2020-03-04T00:00:00,XTZUSD,3.112
2020-03-05T00:00:00,XTZUSD,3.095
2020-03-06T00:00:00,XTZUSD,3.18
2020-03-07T00:00:00,XTZUSD,3.2
2020-03-08T00:00:00,XTZUSD,2.596
2020-03-09T00:00:00,XTZUSD,2.55
2020-03-10T00:00:00,XTZUSD,2.588
2020-03-11T00:00:00,XTZUSD,2.501
2020-03-12T00:00:00,XTZUSD,1.357
2020-03-13T00:00:00,XTZUSD,1.786
2020-03-14T00:00:00,XTZUSD,1.5859999999999999
2020-03-15T00:00:00,XTZUSD,1.542
2020-03-16T00:00:00,XTZUSD,1.333
2020-03-17T00:00:00,XTZUSD,1.366
2020-03-18T00:00:00,XTZUSD,1.4060000000000001
2020-03-19T00:00:00,XTZUSD,1.638
2020-03-20T00:00:00,XTZUSD,1.688
2020-03-21T00:00:00,XTZUSD,1.663
2020-03-22T00:00:00,XTZUSD,1.478
2020-03-23T00:00:00,XTZUSD,1.682
2020-03-24T00:00:00,XTZUSD,1.7690000000000001
2020-03-25T00:00:00,XTZUSD,1.718
2020-03-26T00:00:00,XTZUSD,1.7650000000000001
2020-03-27T00:00:00,XTZUSD,1.5899999999999999
2020-03-28T00:00:00,XTZUSD,1.5659999999999998
2020-03-29T00:00:00,XTZUSD,1.47
2020-03-30T00:00:00,XTZUSD,1.608
2020-03-31T00:00:00,XTZUSD,1.611
2020-04-01T00:00:00,XTZUSD,1.613
2020-04-02T00:00:00,XTZUSD,1.671
2020-04-03T00:00:00,XTZUSD,1.677
2020-04-04T00:00:00,XTZUSD,1.6989999999999998
2020-04-05T00:00:00,XTZUSD,1.666
2020-04-06T00:00:00,XTZUSD,1.912
2020-04-07T00:00:00,XTZUSD,1.9569999999999999
2020-04-08T00:00:00,XTZUSD,2.148
2020-04-09T00:00:00,XTZUSD,2.108
2020-04-10T00:00:00,XTZUSD,1.911
2020-04-11T00:00:00,XTZUSD,1.979
2020-04-12T00:00:00,XTZUSD,1.999
2020-04-14T00:00:00,XTZUSD,1.948
2020-04-15T00:00:00,XTZUSD,1.9020000000000001
2020-04-16T00:00:00,XTZUSD,2.096
2020-04-17T00:00:00,XTZUSD,2.09
2020-04-18T00:00:00,XTZUSD,2.333
2020-04-19T00:00:00,XTZUSD,2.252
2020-04-20T00:00:00,XTZUSD,2.1310000000000002
2020-04-21T00:00:00,XTZUSD,2.151
2020-04-22T00:00:00,XTZUSD,2.339
2020-04-23T00:00:00,XTZUSD,2.499
2020-04-24T00:00:00,XTZUSD,2.717
2020-04-25T00:00:00,XTZUSD,2.87
2020-04-26T00:00:00,XTZUSD,2.767
2020-04-27T00:00:00,XTZUSD,2.75
2020-04-28T00:00:00,XTZUSD,2.754
2020-04-29T00:00:00,XTZUSD,2.94
2020-04-30T00:00:00,XTZUSD,2.7560000000000002
2020-05-01T00:00:00,XTZUSD,2.7960000000000003
2020-05-02T00:00:00,XTZUSD,2.838
2020-05-03T00:00:00,XTZUSD,2.742
2020-05-04T00:00:00,XTZUSD,2.787
2020-05-05T00:00:00,XTZUSD,2.755
2020-05-06T00:00:00,XTZUSD,2.654
2020-05-07T00:00:00,XTZUSD,2.719
2020-05-08T00:00:00,XTZUSD,2.754
2020-05-09T00:00:00,XTZUSD,2.81
2020-05-10T00:00:00,XTZUSD,2.5629999999999997
2020-05-11T00:00:00,XTZUSD,2.426
2020-05-12T00:00:00,XTZUSD,2.5140000000000002
2020-05-13T00:00:00,XTZUSD,2.574
2020-05-14T00:00:00,XTZUSD,2.5460000000000003
2020-05-15T00:00:00,XTZUSD,2.488
2020-05-16T00:00:00,XTZUSD,2.6310000000000002
2020-05-17T00:00:00,XTZUSD,2.62
2020-05-18T00:00:00,XTZUSD,2.759
2020-05-19T00:00:00,XTZUSD,2.84
2020-05-20T00:00:00,XTZUSD,2.823
2020-05-21T00:00:00,XTZUSD,2.643
2020-05-22T00:00:00,XTZUSD,2.798
2020-05-23T00:00:00,XTZUSD,2.755
2020-05-24T00:00:00,XTZUSD,2.643
2020-05-25T00:00:00,XTZUSD,2.7359999999999998
2020-05-26T00:00:00,XTZUSD,2.699
2020-05-27T00:00:00,XTZUSD,2.71
2020-05-28T00:00:00,XTZUSD,2.83
2020-05-29T00:00:00,XTZUSD,2.875
2020-05-30T00:00:00,XTZUSD,2.923
2020-05-31T00:00:00,XTZUSD,2.807
2020-06-01T00:00:00,XTZUSD,2.964
2020-06-02T00:00:00,XTZUSD,2.895
2020-06-03T00:00:00,XTZUSD,3.042
2020-06-04T00:00:00,XTZUSD,2.998
2020-06-05T00:00:00,XTZUSD,2.935
2020-06-06T00:00:00,XTZUSD,2.924
2020-06-07T00:00:00,XTZUSD,2.8890000000000002
2020-06-08T00:00:00,XTZUSD,2.949
2020-06-09T00:00:00,XTZUSD,2.906
2020-06-10T00:00:00,XTZUSD,2.8890000000000002
2020-06-11T00:00:00,XTZUSD,2.613
2020-06-12T00:00:00,XTZUSD,2.67
2020-06-13T00:00:00,XTZUSD,2.6959999999999997
2020-06-14T00:00:00,XTZUSD,2.585
2020-06-15T00:00:00,XTZUSD,2.628
2020-06-16T00:00:00,XTZUSD,2.618
2020-06-17T00:00:00,XTZUSD,2.676
2020-06-18T00:00:00,XTZUSD,2.658
2020-06-19T00:00:00,XTZUSD,2.62
2020-06-20T00:00:00,XTZUSD,2.616
2020-06-21T00:00:00,XTZUSD,2.586
2020-06-22T00:00:00,XTZUSD,2.6870000000000003
2020-06-23T00:00:00,XTZUSD,2.7800000000000002
2020-06-24T00:00:00,XTZUSD,2.6189999999999998
2020-06-25T00:00:00,XTZUSD,2.5709999999999997
2020-06-26T00:00:00,XTZUSD,2.482
2020-06-27T00:00:00,XTZUSD,2.314
2020-06-28T00:00:00,XTZUSD,2.3689999999999998
2020-06-29T00:00:00,XTZUSD,2.41
2020-06-30T00:00:00,XTZUSD,2.357
2020-07-01T00:00:00,XTZUSD,2.401
2020-07-02T00:00:00,XTZUSD,2.334
2020-07-03T00:00:00,XTZUSD,2.275
2020-07-04T00:00:00,XTZUSD,2.326
2020-07-05T00:00:00,XTZUSD,2.291
2020-07-06T00:00:00,XTZUSD,2.439
2020-07-07T00:00:00,XTZUSD,2.51
2020-07-08T00:00:00,XTZUSD,2.6550000000000002
2020-07-09T00:00:00,XTZUSD,2.532
2020-07-10T00:00:00,XTZUSD,2.543
2020-07-11T00:00:00,XTZUSD,2.685
2020-07-12T00:00:00,XTZUSD,2.822
2020-07-13T00:00:00,XTZUSD,2.903
2020-07-14T00:00:00,XTZUSD,2.957
2020-07-15T00:00:00,XTZUSD,3.226
2020-07-16T00:00:00,XTZUSD,3.096
2020-07-17T00:00:00,XTZUSD,3.168
2020-07-18T00:00:00,XTZUSD,3.01
2020-07-19T00:00:00,XTZUSD,2.989
2020-07-20T00:00:00,XTZUSD,2.77
2020-07-21T00:00:00,XTZUSD,3.026
2020-07-22T00:00:00,XTZUSD,3.109
2020-07-23T00:00:00,XTZUSD,3.191
2020-07-25T00:00:00,XTZUSD,3.059
2020-07-26T00:00:00,XTZUSD,2.987
2020-07-27T00:00:00,XTZUSD,2.8289999999999997
2020-07-28T00:00:00,XTZUSD,2.84
2020-07-29T00:00:00,XTZUSD,2.784
2020-07-30T00:00:00,XTZUSD,2.81
2020-07-31T00:00:00,XTZUSD,2.847
2020-08-01T00:00:00,XTZUSD,3.044
2020-08-02T00:00:00,XTZUSD,2.8890000000000002
2020-08-03T00:00:00,XTZUSD,3.076
2020-08-04T00:00:00,XTZUSD,3.246
2020-08-05T00:00:00,XTZUSD,3.117
2020-08-06T00:00:00,XTZUSD,3.23
2020-08-07T00:00:00,XTZUSD,3.085
2020-08-08T00:00:00,XTZUSD,3.383
2020-08-09T00:00:00,XTZUSD,3.698
2020-08-10T00:00:00,XTZUSD,4.254
2020-08-11T00:00:00,XTZUSD,4.01
2020-08-12T00:00:00,XTZUSD,4.361
2020-08-13T00:00:00,XTZUSD,4.142
2020-08-14T00:00:00,XTZUSD,4.115
2020-08-15T00:00:00,XTZUSD,4.068
2020-08-17T00:00:00,XTZUSD,4.042
2020-08-18T00:00:00,XTZUSD,3.84
2020-08-19T00:00:00,XTZUSD,3.6310000000000002
2020-08-20T00:00:00,XTZUSD,3.856
2020-08-21T00:00:00,XTZUSD,3.392
2020-08-22T00:00:00,XTZUSD,3.577
2020-08-23T00:00:00,XTZUSD,3.518
2020-08-24T00:00:00,XTZUSD,3.681
2020-08-25T00:00:00,XTZUSD,3.436
2020-08-26T00:00:00,XTZUSD,3.371
2020-08-27T00:00:00,XTZUSD,3.226
2020-08-28T00:00:00,XTZUSD,3.26
2020-08-29T00:00:00,XTZUSD,3.3529999999999998
2020-08-30T00:00:00,XTZUSD,3.385
2020-08-31T00:00:00,XTZUSD,3.245
2020-09-01T00:00:00,XTZUSD,3.44
2020-09-02T00:00:00,XTZUSD,3.143
2020-09-03T00:00:00,XTZUSD,2.5789999999999997
2020-09-04T00:00:00,XTZUSD,2.7960000000000003
2020-09-05T00:00:00,XTZUSD,2.485
2020-09-06T00:00:00,XTZUSD,2.55
2020-09-07T00:00:00,XTZUSD,2.564
2020-09-08T00:00:00,XTZUSD,2.499
2020-09-09T00:00:00,XTZUSD,2.5300000000000002
2020-09-10T00:00:00,XTZUSD,2.574
2020-09-11T00:00:00,XTZUSD,2.558
2020-09-12T00:00:00,XTZUSD,2.6
2020-09-13T00:00:00,XTZUSD,2.627
2020-09-14T00:00:00,XTZUSD,2.613
2020-09-15T00:00:00,XTZUSD,2.505
2020-09-16T00:00:00,XTZUSD,2.4779999999999998
2020-09-17T00:00:00,XTZUSD,2.4699999999999998
2020-09-18T00:00:00,XTZUSD,2.392
2020-09-19T00:00:00,XTZUSD,2.319
2020-09-20T00:00:00,XTZUSD,2.218
2020-09-21T00:00:00,XTZUSD,1.9729999999999999
2020-09-22T00:00:00,XTZUSD,2.109
2020-09-23T00:00:00,XTZUSD,1.9569999999999999
2020-09-24T00:00:00,XTZUSD,2.155
2020-09-25T00:00:00,XTZUSD,2.21
2020-09-26T00:00:00,XTZUSD,2.171
2020-09-27T00:00:00,XTZUSD,2.176
2020-09-28T00:00:00,XTZUSD,2.245
2020-09-29T00:00:00,XTZUSD,2.231
2020-09-30T00:00:00,XTZUSD,2.198
2020-10-01T00:00:00,XTZUSD,2.19
2020-10-02T00:00:00,XTZUSD,2.088
2020-10-03T00:00:00,XTZUSD,2.113
2020-10-04T00:00:00,XTZUSD,2.115
2020-10-05T00:00:00,XTZUSD,2.144
2020-10-06T00:00:00,XTZUSD,2.058
2020-10-07T00:00:00,XTZUSD,2.069
2020-10-08T00:00:00,XTZUSD,2.115
2020-10-09T00:00:00,XTZUSD,2.196
2020-10-10T00:00:00,XTZUSD,2.205
2020-10-11T00:00:00,XTZUSD,2.253
2020-10-12T00:00:00,XTZUSD,2.3449999999999998
2020-10-13T00:00:00,XTZUSD,2.403
2020-10-14T00:00:00,XTZUSD,2.277
2020-10-15T00:00:00,XTZUSD,2.241
2020-10-16T00:00:00,XTZUSD,2.166
2020-10-17T00:00:00,XTZUSD,2.187
2020-10-18T00:00:00,XTZUSD,2.226
2020-10-19T00:00:00,XTZUSD,2.189
2020-10-20T00:00:00,XTZUSD,2.056
2020-10-21T00:00:00,XTZUSD,2.125
2020-10-22T00:00:00,XTZUSD,2.195
2020-10-23T00:00:00,XTZUSD,2.22
2020-10-24T00:00:00,XTZUSD,2.223
2020-10-25T00:00:00,XTZUSD,2.167
2020-10-26T00:00:00,XTZUSD,2.09
2020-10-27T00:00:00,XTZUSD,2.088
2020-10-30T00:00:00,XTZUSD,1.907
2020-10-31T00:00:00,XTZUSD,1.978
2020-11-01T00:00:00,XTZUSD,1.996
2020-11-02T00:00:00,XTZUSD,1.8940000000000001
2020-11-03T00:00:00,XTZUSD,1.871
2020-11-04T00:00:00,XTZUSD,1.877
2020-11-05T00:00:00,XTZUSD,1.8860000000000001
2020-11-06T00:00:00,XTZUSD,2.095
2020-11-07T00:00:00,XTZUSD,2.023
2020-11-08T00:00:00,XTZUSD,2.088
2020-11-09T00:00:00,XTZUSD,2.118
2020-11-10T00:00:00,XTZUSD,2.152
2020-11-11T00:00:00,XTZUSD,2.126
2020-11-12T00:00:00,XTZUSD,2.076
2020-11-13T00:00:00,XTZUSD,2.155
2020-11-14T00:00:00,XTZUSD,2.1
2020-11-15T00:00:00,XTZUSD,2.015
2020-11-16T00:00:00,XTZUSD,2.083
2020-11-17T00:00:00,XTZUSD,2.147
2020-11-18T00:00:00,XTZUSD,2.091
2020-11-19T00:00:00,XTZUSD,2.078
2020-11-20T00:00:00,XTZUSD,2.109
2020-11-21T00:00:00,XTZUSD,2.395
2020-11-22T00:00:00,XTZUSD,2.282
2020-11-23T00:00:00,XTZUSD,2.623
2020-11-24T00:00:00,XTZUSD,2.677
2020-11-25T00:00:00,XTZUSD,2.6
2020-11-26T00:00:00,XTZUSD,2.249
2020-11-27T00:00:00,XTZUSD,2.253
2020-11-28T00:00:00,XTZUSD,2.323
2020-11-29T00:00:00,XTZUSD,2.367
2020-11-30T00:00:00,XTZUSD,2.495
2020-12-01T00:00:00,XTZUSD,2.328
2020-12-02T00:00:00,XTZUSD,2.395
2020-12-03T00:00:00,XTZUSD,2.406
2020-12-04T00:00:00,XTZUSD,2.278
2020-12-05T00:00:00,XTZUSD,2.327
2020-12-06T00:00:00,XTZUSD,2.324
2020-12-07T00:00:00,XTZUSD,2.276
2020-12-08T00:00:00,XTZUSD,2.154
2020-12-09T00:00:00,XTZUSD,2.176
2020-12-10T00:00:00,XTZUSD,2.106
2020-12-11T00:00:00,XTZUSD,2.08
2020-12-12T00:00:00,XTZUSD,2.136
2020-12-13T00:00:00,XTZUSD,2.231
2020-12-14T00:00:00,XTZUSD,2.224
2020-12-15T00:00:00,XTZUSD,2.233
2020-12-16T00:00:00,XTZUSD,2.3689999999999998
2020-12-17T00:00:00,XTZUSD,2.3
2020-12-18T00:00:00,XTZUSD,2.33
2020-12-19T00:00:00,XTZUSD,2.327
2020-12-20T00:00:00,XTZUSD,2.27
2020-12-21T00:00:00,XTZUSD,2.178
2020-12-22T00:00:00,XTZUSD,2.183
2020-12-23T00:00:00,XTZUSD,1.881
2020-12-24T00:00:00,XTZUSD,2.06
2020-12-25T00:00:00,XTZUSD,2.028
2020-12-26T00:00:00,XTZUSD,1.978
2020-12-28T00:00:00,XTZUSD,2.121
2020-12-29T00:00:00,XTZUSD,2.04
2020-12-30T00:00:00,XTZUSD,1.991
2020-12-31T00:00:00,XTZUSD,2.012
2021-01-01T00:00:00,XTZUSD,2.015
2021-01-03T00:00:00,XTZUSD,2.138
2021-01-04T00:00:00,XTZUSD,2.33
2021-01-05T00:00:00,XTZUSD,2.382
2021-01-06T00:00:00,XTZUSD,2.654
2021-01-07T00:00:00,XTZUSD,2.537
2021-01-08T00:00:00,XTZUSD,2.457
2021-01-09T00:00:00,XTZUSD,2.6470000000000002
2021-01-10T00:00:00,XTZUSD,2.763
2021-01-11T00:00:00,XTZUSD,2.33
2021-01-12T00:00:00,XTZUSD,2.295
2021-01-13T00:00:00,XTZUSD,2.5
2021-01-14T00:00:00,XTZUSD,2.5540000000000003
2021-01-15T00:00:00,XTZUSD,2.706
2021-01-16T00:00:00,XTZUSD,2.854
2021-01-17T00:00:00,XTZUSD,2.974
2021-01-18T00:00:00,XTZUSD,3.034
2021-01-19T00:00:00,XTZUSD,2.873
2021-01-20T00:00:00,XTZUSD,2.914
2021-01-21T00:00:00,XTZUSD,2.458
2021-01-22T00:00:00,XTZUSD,2.919
2021-01-23T00:00:00,XTZUSD,3.17
2021-01-24T00:00:00,XTZUSD,3.047
2021-01-25T00:00:00,XTZUSD,2.918
2021-01-26T00:00:00,XTZUSD,2.909
2021-01-27T00:00:00,XTZUSD,2.795
2021-01-30T00:00:00,XTZUSD,2.9
2021-01-31T00:00:00,XTZUSD,2.8449999999999998
2021-02-01T00:00:00,XTZUSD,2.922
2021-02-02T00:00:00,XTZUSD,2.91
2021-02-03T00:00:00,XTZUSD,3.052
2021-02-04T00:00:00,XTZUSD,2.969
2021-02-05T00:00:00,XTZUSD,3.474
2021-02-06T00:00:00,XTZUSD,3.179
2021-02-07T00:00:00,XTZUSD,3.314
2021-02-08T00:00:00,XTZUSD,3.413
2021-02-09T00:00:00,XTZUSD,3.774
2021-02-10T00:00:00,XTZUSD,3.847
2021-02-11T00:00:00,XTZUSD,4.114
2021-02-12T00:00:00,XTZUSD,5.023
2021-02-13T00:00:00,XTZUSD,5.366
2021-02-14T00:00:00,XTZUSD,4.864
2021-02-15T00:00:00,XTZUSD,4.536
2021-02-16T00:00:00,XTZUSD,4.545
2021-02-17T00:00:00,XTZUSD,4.611
2021-02-18T00:00:00,XTZUSD,4.84
2021-02-19T00:00:00,XTZUSD,4.974
2021-02-20T00:00:00,XTZUSD,4.64
2021-02-21T00:00:00,XTZUSD,4.681
2021-02-22T00:00:00,XTZUSD,4.272
2021-02-23T00:00:00,XTZUSD,3.544
2021-02-24T00:00:00,XTZUSD,3.536
2021-02-25T00:00:00,XTZUSD,3.338
2021-02-26T00:00:00,XTZUSD,3.4699999999999998
2021-02-27T00:00:00,XTZUSD,3.643
2021-02-28T00:00:00,XTZUSD,3.431
2021-03-01T00:00:00,XTZUSD,3.634
2021-03-02T00:00:00,XTZUSD,3.6879999999999997
2021-03-03T00:00:00,XTZUSD,3.843
2021-03-04T00:00:00,XTZUSD,3.66
2021-03-05T00:00:00,XTZUSD,3.76
2021-03-06T00:00:00,XTZUSD,3.875
2021-03-07T00:00:00,XTZUSD,4.196
2021-03-08T00:00:00,XTZUSD,4.4
2021-03-09T00:00:00,XTZUSD,4.466
2021-03-10T00:00:00,XTZUSD,4.146
2021-03-11T00:00:00,XTZUSD,4.13
2021-03-12T00:00:00,XTZUSD,3.9699999999999998
2021-03-13T00:00:00,XTZUSD,4.172
2021-03-14T00:00:00,XTZUSD,3.9290000000000003
2021-03-15T00:00:00,XTZUSD,3.834
2021-03-16T00:00:00,XTZUSD,4.045
2021-03-17T00:00:00,XTZUSD,4.41
2021-03-18T00:00:00,XTZUSD,4.266
2021-03-19T00:00:00,XTZUSD,4.223
2021-03-20T00:00:00,XTZUSD,4.358
2021-03-21T00:00:00,XTZUSD,4.17
2021-03-22T00:00:00,XTZUSD,4.056
2021-03-23T00:00:00,XTZUSD,4.131
2021-03-24T00:00:00,XTZUSD,3.985
2021-03-25T00:00:00,XTZUSD,3.9210000000000003
2021-03-26T00:00:00,XTZUSD,4.195
2021-03-27T00:00:00,XTZUSD,4.109
2021-03-28T00:00:00,XTZUSD,4.226
2021-03-29T00:00:00,XTZUSD,4.587
2021-03-30T00:00:00,XTZUSD,4.556
2021-03-31T00:00:00,XTZUSD,4.826
2021-04-01T00:00:00,XTZUSD,5.121
2021-04-02T00:00:00,XTZUSD,5.302
2021-04-03T00:00:00,XTZUSD,4.769
2021-04-04T00:00:00,XTZUSD,5.135
2021-04-05T00:00:00,XTZUSD,6.107
2021-04-06T00:00:00,XTZUSD,6.163
2021-04-07T00:00:00,XTZUSD,5.521
2021-04-08T00:00:00,XTZUSD,6.164
2021-04-10T00:00:00,XTZUSD,6.564
2021-04-11T00:00:00,XTZUSD,6.442
2021-04-12T00:00:00,XTZUSD,6.279
2021-04-13T00:00:00,XTZUSD,6.553
2021-04-14T00:00:00,XTZUSD,6.57
2021-04-15T00:00:00,XTZUSD,6.793
2021-04-16T00:00:00,XTZUSD,7.206
2021-04-17T00:00:00,XTZUSD,7.062
2021-04-18T00:00:00,XTZUSD,6.192
2021-04-19T00:00:00,XTZUSD,5.459
2021-04-20T00:00:00,XTZUSD,5.71
2021-04-21T00:00:00,XTZUSD,5.328
2021-04-22T00:00:00,XTZUSD,4.917
2021-04-23T00:00:00,XTZUSD,4.826
2021-04-24T00:00:00,XTZUSD,4.455
2021-04-25T00:00:00,XTZUSD,4.457
2021-04-26T00:00:00,XTZUSD,5.229
2021-04-27T00:00:00,XTZUSD,5.435
2021-04-28T00:00:00,XTZUSD,5.254
2021-04-29T00:00:00,XTZUSD,5.245
2021-04-30T00:00:00,XTZUSD,5.622
2021-05-01T00:00:00,XTZUSD,5.828
2021-05-02T00:00:00,XTZUSD,5.6129999999999995
2021-05-05T00:00:00,XTZUSD,6.6129999999999995
2021-05-06T00:00:00,XTZUSD,7.584
2021-05-07T00:00:00,XTZUSD,7.09
2021-05-08T00:00:00,XTZUSD,6.989
2021-05-09T00:00:00,XTZUSD,7.106
2021-05-10T00:00:00,XTZUSD,6.201
2021-05-11T00:00:00,XTZUSD,7.139
2021-05-12T00:00:00,XTZUSD,5.945
2021-05-13T00:00:00,XTZUSD,6.124
2021-05-14T00:00:00,XTZUSD,6.485
2021-05-15T00:00:00,XTZUSD,5.788
2021-05-16T00:00:00,XTZUSD,5.68
2021-05-17T00:00:00,XTZUSD,5.178
2021-05-18T00:00:00,XTZUSD,5.747
2021-05-19T00:00:00,XTZUSD,3.625
2021-05-20T00:00:00,XTZUSD,4.195
2021-05-21T00:00:00,XTZUSD,3.674
2021-05-22T00:00:00,XTZUSD,3.436
2021-05-23T00:00:00,XTZUSD,2.91
2021-05-24T00:00:00,XTZUSD,3.5460000000000003
2021-05-25T00:00:00,XTZUSD,3.666
2021-05-26T00:00:00,XTZUSD,3.932
2021-05-27T00:00:00,XTZUSD,3.879
2021-05-28T00:00:00,XTZUSD,3.396
2021-05-29T00:00:00,XTZUSD,3.214
2021-05-30T00:00:00,XTZUSD,3.287
2021-05-31T00:00:00,XTZUSD,3.607
2021-06-01T00:00:00,XTZUSD,3.667
2021-06-02T00:00:00,XTZUSD,3.811
2021-06-03T00:00:00,XTZUSD,3.879
2021-06-04T00:00:00,XTZUSD,3.56
2021-06-05T00:00:00,XTZUSD,3.431
2021-06-06T00:00:00,XTZUSD,3.838
2021-06-07T00:00:00,XTZUSD,3.49
2021-06-08T00:00:00,XTZUSD,3.45
2021-06-09T00:00:00,XTZUSD,3.512
2021-06-10T00:00:00,XTZUSD,3.277
2021-06-11T00:00:00,XTZUSD,3.135
2021-06-12T00:00:00,XTZUSD,3.143
2021-06-13T00:00:00,XTZUSD,3.315
2021-06-14T00:00:00,XTZUSD,3.352
2021-06-15T00:00:00,XTZUSD,3.271
2021-06-16T00:00:00,XTZUSD,3.112
2021-06-17T00:00:00,XTZUSD,3.373
2021-06-18T00:00:00,XTZUSD,3.098
2021-06-19T00:00:00,XTZUSD,3.03
2021-06-20T00:00:00,XTZUSD,3.077
2021-06-21T00:00:00,XTZUSD,2.485
2021-06-22T00:00:00,XTZUSD,2.374
2021-06-23T00:00:00,XTZUSD,2.6879999999999997
2021-06-24T00:00:00,XTZUSD,2.83
2021-06-25T00:00:00,XTZUSD,2.5220000000000002
2021-06-26T00:00:00,XTZUSD,2.543
2021-06-27T00:00:00,XTZUSD,2.629
2021-06-28T00:00:00,XTZUSD,2.7039999999999997
2021-06-29T00:00:00,XTZUSD,2.9779999999999998
2021-06-30T00:00:00,XTZUSD,3.044
2021-07-01T00:00:00,XTZUSD,2.948
2021-07-02T00:00:00,XTZUSD,2.955
2021-07-03T00:00:00,XTZUSD,3.03
2021-07-04T00:00:00,XTZUSD,3.041
2021-07-05T00:00:00,XTZUSD,2.832
2021-07-06T00:00:00,XTZUSD,2.868
2021-07-07T00:00:00,XTZUSD,2.878
2021-07-08T00:00:00,XTZUSD,2.694
2021-07-09T00:00:00,XTZUSD,2.752
2021-07-10T00:00:00,XTZUSD,2.787
2021-07-11T00:00:00,XTZUSD,2.8449999999999998
2021-07-12T00:00:00,XTZUSD,2.807
2021-07-13T00:00:00,XTZUSD,2.811
2021-07-14T00:00:00,XTZUSD,2.718
2021-07-15T00:00:00,XTZUSD,2.577
2021-07-16T00:00:00,XTZUSD,2.407
2021-07-17T00:00:00,XTZUSD,2.408
2021-07-18T00:00:00,XTZUSD,2.428
2021-07-19T00:00:00,XTZUSD,2.288
2021-07-20T00:00:00,XTZUSD,2.155
2021-07-21T00:00:00,XTZUSD,2.399
2021-07-22T00:00:00,XTZUSD,2.502
2021-07-23T00:00:00,XTZUSD,2.69
2021-07-24T00:00:00,XTZUSD,2.82
2021-07-25T00:00:00,XTZUSD,2.894
2021-07-26T00:00:00,XTZUSD,2.841
2021-07-27T00:00:00,XTZUSD,2.86
2021-07-28T00:00:00,XTZUSD,2.815
2021-07-29T00:00:00,XTZUSD,2.8529999999999998
2021-07-30T00:00:00,XTZUSD,2.968
2021-07-31T00:00:00,XTZUSD,3.038
2021-08-01T00:00:00,XTZUSD,2.951
2021-08-02T00:00:00,XTZUSD,3.129
2021-08-03T00:00:00,XTZUSD,3.055
2021-08-04T00:00:00,XTZUSD,3.175
2021-08-05T00:00:00,XTZUSD,3.221
2021-08-06T00:00:00,XTZUSD,3.3609999999999998
2021-08-07T00:00:00,XTZUSD,3.428
2021-08-08T00:00:00,XTZUSD,3.185
2021-08-09T00:00:00,XTZUSD,3.284
2021-08-10T00:00:00,XTZUSD,3.268
2021-08-11T00:00:00,XTZUSD,3.448
2021-08-12T00:00:00,XTZUSD,3.352
2021-08-13T00:00:00,XTZUSD,3.593
2021-08-14T00:00:00,XTZUSD,3.7
2021-08-15T00:00:00,XTZUSD,3.739
2021-08-16T00:00:00,XTZUSD,3.633
2021-08-17T00:00:00,XTZUSD,3.401
2021-08-18T00:00:00,XTZUSD,3.351
2021-08-19T00:00:00,XTZUSD,3.637
2021-08-20T00:00:00,XTZUSD,3.73
2021-08-21T00:00:00,XTZUSD,3.698
2021-08-22T00:00:00,XTZUSD,3.803
2021-08-23T00:00:00,XTZUSD,4.315
2021-08-24T00:00:00,XTZUSD,3.961
2021-08-25T00:00:00,XTZUSD,5.099
2021-08-26T00:00:00,XTZUSD,4.437
2021-08-27T00:00:00,XTZUSD,5.244
2021-08-28T00:00:00,XTZUSD,5.6370000000000005
2021-08-29T00:00:00,XTZUSD,5.899
2021-08-30T00:00:00,XTZUSD,5.395
2021-09-01T00:00:00,XTZUSD,5.425
2021-09-02T00:00:00,XTZUSD,5.296
2021-09-03T00:00:00,XTZUSD,5.314
2021-09-04T00:00:00,XTZUSD,5.4
2021-09-05T00:00:00,XTZUSD,5.569
2021-09-06T00:00:00,XTZUSD,5.5969999999999995
2021-09-07T00:00:00,XTZUSD,4.42
2021-09-08T00:00:00,XTZUSD,4.335
2021-09-09T00:00:00,XTZUSD,5.58
2021-09-10T00:00:00,XTZUSD,6.182
2021-09-11T00:00:00,XTZUSD,6.121
2021-09-12T00:00:00,XTZUSD,7.026
2021-09-13T00:00:00,XTZUSD,7.172
2021-09-14T00:00:00,XTZUSD,7.12
2021-09-15T00:00:00,XTZUSD,6.901
2021-09-16T00:00:00,XTZUSD,6.948
2021-09-17T00:00:00,XTZUSD,6.108
2021-09-18T00:00:00,XTZUSD,6.4030000000000005
2021-09-19T00:00:00,XTZUSD,6.523
2021-09-20T00:00:00,XTZUSD,5.307
2021-09-21T00:00:00,XTZUSD,4.6850000000000005
2021-09-22T00:00:00,XTZUSD,5.577
2021-09-23T00:00:00,XTZUSD,6.214
2021-09-24T00:00:00,XTZUSD,6.997
2021-09-25T00:00:00,XTZUSD,6.83
2021-09-26T00:00:00,XTZUSD,6.519
2021-09-28T00:00:00,XTZUSD,5.468
2021-09-29T00:00:00,XTZUSD,5.64
2021-09-30T00:00:00,XTZUSD,6.074
2021-10-02T00:00:00,XTZUSD,7.337
2021-10-03T00:00:00,XTZUSD,8.698
2021-10-04T00:00:00,XTZUSD,8.332
2021-10-05T00:00:00,XTZUSD,7.936
2021-10-06T00:00:00,XTZUSD,7.748
2021-10-07T00:00:00,XTZUSD,7.609
2021-10-08T00:00:00,XTZUSD,7.299
2021-10-09T00:00:00,XTZUSD,7.622
2021-10-10T00:00:00,XTZUSD,6.97
2021-10-11T00:00:00,XTZUSD,6.897
2021-10-12T00:00:00,XTZUSD,7.12
2021-10-13T00:00:00,XTZUSD,7.3
2021-10-14T00:00:00,XTZUSD,7.139
2021-10-15T00:00:00,XTZUSD,6.845
2021-10-16T00:00:00,XTZUSD,6.911
2021-10-17T00:00:00,XTZUSD,6.628
2021-10-18T00:00:00,XTZUSD,6.548
2021-10-19T00:00:00,XTZUSD,6.743
2021-10-20T00:00:00,XTZUSD,7.014
2021-10-21T00:00:00,XTZUSD,6.656
2021-10-22T00:00:00,XTZUSD,6.704
2021-10-23T00:00:00,XTZUSD,6.739
2021-10-24T00:00:00,XTZUSD,6.474
2021-10-25T00:00:00,XTZUSD,6.63
2021-10-26T00:00:00,XTZUSD,6.819
2021-10-27T00:00:00,XTZUSD,5.902
2021-10-28T00:00:00,XTZUSD,6.148
2021-10-29T00:00:00,XTZUSD,6.567
2021-10-30T00:00:00,XTZUSD,6.301
2021-10-31T00:00:00,XTZUSD,6.359
2021-11-01T00:00:00,XTZUSD,6.241
2021-11-02T00:00:00,XTZUSD,6.266
2021-11-03T00:00:00,XTZUSD,6.322
2021-11-04T00:00:00,XTZUSD,6.349
2021-11-05T00:00:00,XTZUSD,6.465
2021-11-06T00:00:00,XTZUSD,6.447
2021-11-07T00:00:00,XTZUSD,6.376
2021-11-08T00:00:00,XTZUSD,6.502
2021-11-09T00:00:00,XTZUSD,6.297
2021-11-10T00:00:00,XTZUSD,5.803
2021-11-11T00:00:00,XTZUSD,5.864
2021-11-12T00:00:00,XTZUSD,5.769
2021-11-13T00:00:00,XTZUSD,5.888
2021-11-14T00:00:00,XTZUSD,5.823
2021-11-15T00:00:00,XTZUSD,5.7219999999999995
2021-11-16T00:00:00,XTZUSD,5.215
2021-11-17T00:00:00,XTZUSD,5.241
2021-11-18T00:00:00,XTZUSD,4.7940000000000005
2021-11-19T00:00:00,XTZUSD,5.277
2021-11-20T00:00:00,XTZUSD,5.527
2021-11-21T00:00:00,XTZUSD,5.227
2021-11-22T00:00:00,XTZUSD,5.016
2021-11-23T00:00:00,XTZUSD,5.11
2021-11-24T00:00:00,XTZUSD,4.892
2021-11-25T00:00:00,XTZUSD,5.069
2021-11-26T00:00:00,XTZUSD,4.661
2021-11-27T00:00:00,XTZUSD,4.624
2021-11-28T00:00:00,XTZUSD,4.651
2021-11-29T00:00:00,XTZUSD,5.616
2021-11-30T00:00:00,XTZUSD,5.485
2021-12-01T00:00:00,XTZUSD,5.244
2021-12-02T00:00:00,XTZUSD,5.102
2021-12-03T00:00:00,XTZUSD,4.806
2021-12-04T00:00:00,XTZUSD,4.295
2021-12-05T00:00:00,XTZUSD,4.032
2021-12-06T00:00:00,XTZUSD,4.156
2021-12-07T00:00:00,XTZUSD,5.675
2021-12-08T00:00:00,XTZUSD,5.689
2021-12-09T00:00:00,XTZUSD,4.85
2021-12-10T00:00:00,XTZUSD,4.33
2021-12-11T00:00:00,XTZUSD,4.54
2021-12-12T00:00:00,XTZUSD,4.51
2021-12-13T00:00:00,XTZUSD,4.05
2021-12-14T00:00:00,XTZUSD,4.52
2021-12-15T00:00:00,XTZUSD,4.48
2021-12-16T00:00:00,XTZUSD,4.31
2021-12-17T00:00:00,XTZUSD,4.15
2021-12-18T00:00:00,XTZUSD,4.24
2021-12-19T00:00:00,XTZUSD,4.13
2021-12-20T00:00:00,XTZUSD,4.1
2021-12-21T00:00:00,XTZUSD,4.24
2021-12-22T00:00:00,XTZUSD,4.54
2021-12-23T00:00:00,XTZUSD,4.76
2021-12-24T00:00:00,XTZUSD,4.5
2021-12-25T00:00:00,XTZUSD,4.58
2021-12-26T00:00:00,XTZUSD,4.87
2021-12-27T00:00:00,XTZUSD,5.1
2021-12-28T00:00:00,XTZUSD,4.49
2021-12-29T00:00:00,XTZUSD,4.38
2021-12-30T00:00:00,XTZUSD,4.34
2021-12-31T00:00:00,XTZUSD,4.34
2022-01-01T00:00:00,XTZUSD,4.75
2022-01-02T00:00:00,XTZUSD,4.65
2022-01-03T00:00:00,XTZUSD,4.8
2022-01-04T00:00:00,XTZUSD,5.05
2022-01-05T00:00:00,XTZUSD,4.51
2022-01-06T00:00:00,XTZUSD,4.45
2022-01-07T00:00:00,XTZUSD,4.26
2022-01-08T00:00:00,XTZUSD,4
2022-01-09T00:00:00,XTZUSD,4.22
2022-01-10T00:00:00,XTZUSD,4.02
2022-01-11T00:00:00,XTZUSD,4.17
2022-01-12T00:00:00,XTZUSD,4.39
2022-01-13T00:00:00,XTZUSD,4.13
2022-01-14T00:00:00,XTZUSD,4.29
2022-01-15T00:00:00,XTZUSD,4.28
2022-01-16T00:00:00,XTZUSD,4.29
2022-01-17T00:00:00,XTZUSD,4.05
2022-01-18T00:00:00,XTZUSD,4.12
2022-01-19T00:00:00,XTZUSD,3.89
2022-01-20T00:00:00,XTZUSD,3.71
2022-01-21T00:00:00,XTZUSD,3.34
2022-01-22T00:00:00,XTZUSD,2.96
2022-01-23T00:00:00,XTZUSD,3.08
2022-01-24T00:00:00,XTZUSD,2.9699999999999998
2022-01-25T00:00:00,XTZUSD,2.93
2022-01-26T00:00:00,XTZUSD,2.95
2022-01-27T00:00:00,XTZUSD,2.91
2022-01-28T00:00:00,XTZUSD,3.02
2022-01-29T00:00:00,XTZUSD,3.09
2022-01-30T00:00:00,XTZUSD,3.27
2022-01-31T00:00:00,XTZUSD,3.5
2022-02-01T00:00:00,XTZUSD,3.75
2022-02-02T00:00:00,XTZUSD,3.76
2022-02-03T00:00:00,XTZUSD,3.83
2022-02-04T00:00:00,XTZUSD,4.01
2022-02-05T00:00:00,XTZUSD,3.93
2022-02-06T00:00:00,XTZUSD,3.93
2022-02-07T00:00:00,XTZUSD,4.14
2022-02-08T00:00:00,XTZUSD,4.4
2022-02-09T00:00:00,XTZUSD,4.45
2022-02-10T00:00:00,XTZUSD,4.13
2022-02-11T00:00:00,XTZUSD,4.31
2022-02-12T00:00:00,XTZUSD,4.12
2022-02-13T00:00:00,XTZUSD,3.85
2022-02-14T00:00:00,XTZUSD,3.932
2022-02-15T00:00:00,XTZUSD,4.11
2022-02-16T00:00:00,XTZUSD,4.065
2022-02-17T00:00:00,XTZUSD,3.676
2022-02-18T00:00:00,XTZUSD,3.612
2022-02-19T00:00:00,XTZUSD,3.604
2022-02-20T00:00:00,XTZUSD,3.258
2022-02-21T00:00:00,XTZUSD,3.185
2022-02-22T00:00:00,XTZUSD,3.003
2022-02-23T00:00:00,XTZUSD,3.064
2022-02-24T00:00:00,XTZUSD,3.013
2022-02-25T00:00:00,XTZUSD,3.159
2022-02-26T00:00:00,XTZUSD,3.451
2022-02-27T00:00:00,XTZUSD,3.132
2022-02-28T00:00:00,XTZUSD,3.382
2022-03-01T00:00:00,XTZUSD,3.475
2022-03-02T00:00:00,XTZUSD,3.517
2022-03-03T00:00:00,XTZUSD,3.35
2022-03-04T00:00:00,XTZUSD,3.1189999999999998
2022-03-05T00:00:00,XTZUSD,3.134
2022-03-06T00:00:00,XTZUSD,3.028
2022-03-07T00:00:00,XTZUSD,2.876
2022-03-08T00:00:00,XTZUSD,2.9459999999999997
2022-03-09T00:00:00,XTZUSD,3.095
2022-03-10T00:00:00,XTZUSD,3.066
2022-03-11T00:00:00,XTZUSD,2.965
2022-03-12T00:00:00,XTZUSD,3.059
2022-03-13T00:00:00,XTZUSD,2.999
2022-03-14T00:00:00,XTZUSD,2.916
2022-03-15T00:00:00,XTZUSD,2.957
2022-03-16T00:00:00,XTZUSD,3.052
2022-03-17T00:00:00,XTZUSD,3.081
2022-03-18T00:00:00,XTZUSD,3.134
2022-03-19T00:00:00,XTZUSD,3.248
2022-03-20T00:00:00,XTZUSD,3.357
2022-03-21T00:00:00,XTZUSD,3.246
2022-03-22T00:00:00,XTZUSD,3.309
2022-03-23T00:00:00,XTZUSD,3.421
2022-03-24T00:00:00,XTZUSD,3.499
2022-03-25T00:00:00,XTZUSD,3.532
2022-03-26T00:00:00,XTZUSD,3.676
2022-03-27T00:00:00,XTZUSD,3.801
2022-03-28T00:00:00,XTZUSD,3.887
2022-03-29T00:00:00,XTZUSD,3.776
2022-03-30T00:00:00,XTZUSD,3.8609999999999998
2022-03-31T00:00:00,XTZUSD,3.743
2022-04-01T00:00:00,XTZUSD,3.911
2022-04-02T00:00:00,XTZUSD,3.964
2022-04-03T00:00:00,XTZUSD,3.968
2022-04-04T00:00:00,XTZUSD,3.866
2022-04-05T00:00:00,XTZUSD,3.73
2022-04-06T00:00:00,XTZUSD,3.352
2022-04-07T00:00:00,XTZUSD,3.403
2022-04-08T00:00:00,XTZUSD,3.233
2022-04-09T00:00:00,XTZUSD,3.125
2022-04-10T00:00:00,XTZUSD,3.263
2022-04-11T00:00:00,XTZUSD,2.989
2022-04-12T00:00:00,XTZUSD,3.031
2022-04-13T00:00:00,XTZUSD,3.145
2022-04-14T00:00:00,XTZUSD,3.102
2022-04-15T00:00:00,XTZUSD,3.161
2022-04-16T00:00:00,XTZUSD,3.229
2022-04-17T00:00:00,XTZUSD,3.193
2022-04-18T00:00:00,XTZUSD,3.161
2022-04-19T00:00:00,XTZUSD,3.209
2022-04-20T00:00:00,XTZUSD,3.125
2022-04-21T00:00:00,XTZUSD,3.028
2022-04-22T00:00:00,XTZUSD,3.123
2022-04-23T00:00:00,XTZUSD,3.029
2022-04-24T00:00:00,XTZUSD,2.961
2022-04-25T00:00:00,XTZUSD,2.92
2022-04-26T00:00:00,XTZUSD,2.8040000000000003
2022-04-27T00:00:00,XTZUSD,2.787
2022-04-28T00:00:00,XTZUSD,2.791
2022-04-29T00:00:00,XTZUSD,2.668
2022-04-30T00:00:00,XTZUSD,2.654
2022-05-01T00:00:00,XTZUSD,2.539
2022-05-02T00:00:00,XTZUSD,2.437
2022-05-03T00:00:00,XTZUSD,2.44
2022-05-04T00:00:00,XTZUSD,2.693
2022-05-05T00:00:00,XTZUSD,2.471
2022-05-06T00:00:00,XTZUSD,2.487
2022-05-07T00:00:00,XTZUSD,2.58
2022-05-08T00:00:00,XTZUSD,2.566
2022-05-09T00:00:00,XTZUSD,2.15
2022-05-10T00:00:00,XTZUSD,2.094
2022-05-11T00:00:00,XTZUSD,1.724
2022-05-12T00:00:00,XTZUSD,1.669
2022-05-13T00:00:00,XTZUSD,1.774
2022-05-14T00:00:00,XTZUSD,1.76
2022-05-15T00:00:00,XTZUSD,1.875
2022-05-16T00:00:00,XTZUSD,1.8
2022-05-17T00:00:00,XTZUSD,1.802
2022-05-18T00:00:00,XTZUSD,1.71
2022-05-19T00:00:00,XTZUSD,1.728
2022-05-20T00:00:00,XTZUSD,1.706
2022-05-21T00:00:00,XTZUSD,1.8010000000000002
2022-05-22T00:00:00,XTZUSD,1.938
2022-05-23T00:00:00,XTZUSD,1.946
2022-05-24T00:00:00,XTZUSD,2.056
2022-05-25T00:00:00,XTZUSD,2.125
2022-05-26T00:00:00,XTZUSD,1.887
2022-05-27T00:00:00,XTZUSD,1.8319999999999999
2022-05-28T00:00:00,XTZUSD,1.954
2022-05-29T00:00:00,XTZUSD,1.96
2022-05-30T00:00:00,XTZUSD,2.151
2022-05-31T00:00:00,XTZUSD,2.081
2022-06-01T00:00:00,XTZUSD,1.939
2022-06-02T00:00:00,XTZUSD,1.942
2022-06-03T00:00:00,XTZUSD,1.907
2022-06-04T00:00:00,XTZUSD,1.899
2022-06-05T00:00:00,XTZUSD,1.971
2022-06-06T00:00:00,XTZUSD,2.029
2022-06-07T00:00:00,XTZUSD,2.111
2022-06-08T00:00:00,XTZUSD,2.123
2022-06-09T00:00:00,XTZUSD,2.192
2022-06-10T00:00:00,XTZUSD,2.032
2022-06-11T00:00:00,XTZUSD,1.815
2022-06-12T00:00:00,XTZUSD,1.718
2022-06-13T00:00:00,XTZUSD,1.525
2022-06-14T00:00:00,XTZUSD,1.387
2022-06-15T00:00:00,XTZUSD,1.44
2022-06-16T00:00:00,XTZUSD,1.397
2022-06-17T00:00:00,XTZUSD,1.396
2022-06-18T00:00:00,XTZUSD,1.207
2022-06-19T00:00:00,XTZUSD,1.4
2022-06-20T00:00:00,XTZUSD,1.435
2022-06-21T00:00:00,XTZUSD,1.431
2022-06-22T00:00:00,XTZUSD,1.338
2022-06-23T00:00:00,XTZUSD,1.411
2022-06-24T00:00:00,XTZUSD,1.516
2022-06-25T00:00:00,XTZUSD,1.504
2022-06-26T00:00:00,XTZUSD,1.5270000000000001
2022-06-27T00:00:00,XTZUSD,1.595
2022-06-28T00:00:00,XTZUSD,1.572
2022-06-29T00:00:00,XTZUSD,1.506
2022-06-30T00:00:00,XTZUSD,1.369
2022-07-01T00:00:00,XTZUSD,1.3820000000000001
2022-07-02T00:00:00,XTZUSD,1.463
2022-07-03T00:00:00,XTZUSD,1.454
2022-07-04T00:00:00,XTZUSD,1.54
2022-07-05T00:00:00,XTZUSD,1.4889999999999999
2022-07-06T00:00:00,XTZUSD,1.528
2022-07-07T00:00:00,XTZUSD,1.567
2022-07-08T00:00:00,XTZUSD,1.552
2022-07-09T00:00:00,XTZUSD,1.6219999999999999
2022-07-10T00:00:00,XTZUSD,1.599
2022-07-11T00:00:00,XTZUSD,1.653
2022-07-12T00:00:00,XTZUSD,1.4689999999999999
2022-07-13T00:00:00,XTZUSD,1.447
2022-07-14T00:00:00,XTZUSD,1.558
2022-07-15T00:00:00,XTZUSD,1.5779999999999998
2022-07-16T00:00:00,XTZUSD,1.592
2022-07-17T00:00:00,XTZUSD,1.5819999999999999
2022-07-18T00:00:00,XTZUSD,1.661
2022-07-19T00:00:00,XTZUSD,1.754
2022-07-20T00:00:00,XTZUSD,1.619
2022-07-21T00:00:00,XTZUSD,1.674
2022-07-22T00:00:00,XTZUSD,1.615
2022-07-23T00:00:00,XTZUSD,1.627
2022-07-24T00:00:00,XTZUSD,1.683
2022-07-25T00:00:00,XTZUSD,1.577
2022-07-26T00:00:00,XTZUSD,1.5030000000000001
2022-07-27T00:00:00,XTZUSD,1.6019999999999999
2022-07-28T00:00:00,XTZUSD,1.736
2022-07-29T00:00:00,XTZUSD,1.736
2022-07-30T00:00:00,XTZUSD,1.8279999999999998
2022-07-31T00:00:00,XTZUSD,1.826
2022-08-01T00:00:00,XTZUSD,1.776
2022-08-02T00:00:00,XTZUSD,1.738
2022-08-03T00:00:00,XTZUSD,1.762
2022-08-04T00:00:00,XTZUSD,1.798
2022-08-05T00:00:00,XTZUSD,1.835
2022-08-06T00:00:00,XTZUSD,1.8940000000000001
2022-08-07T00:00:00,XTZUSD,1.924
2022-08-08T00:00:00,XTZUSD,1.9100000000000001
2022-08-09T00:00:00,XTZUSD,1.787
2022-08-10T00:00:00,XTZUSD,1.8559999999999999
2022-08-11T00:00:00,XTZUSD,1.909
2022-08-12T00:00:00,XTZUSD,1.909
2022-08-13T00:00:00,XTZUSD,1.9100000000000001
2022-08-14T00:00:00,XTZUSD,1.813
2022-08-15T00:00:00,XTZUSD,1.825
2022-08-16T00:00:00,XTZUSD,1.901
2022-08-17T00:00:00,XTZUSD,1.8860000000000001
2022-08-18T00:00:00,XTZUSD,1.8519999999999999
2022-08-19T00:00:00,XTZUSD,1.5939999999999999
2022-08-20T00:00:00,XTZUSD,1.521
2022-08-21T00:00:00,XTZUSD,1.6219999999999999
2022-08-22T00:00:00,XTZUSD,1.5590000000000002
2022-08-23T00:00:00,XTZUSD,1.5859999999999999
2022-08-24T00:00:00,XTZUSD,1.625
2022-08-25T00:00:00,XTZUSD,1.659
2022-08-26T00:00:00,XTZUSD,1.5270000000000001
2022-08-27T00:00:00,XTZUSD,1.454
2022-08-28T00:00:00,XTZUSD,1.47
2022-08-29T00:00:00,XTZUSD,1.5110000000000001
2022-08-30T00:00:00,XTZUSD,1.509
2022-08-31T00:00:00,XTZUSD,1.525
2022-09-01T00:00:00,XTZUSD,1.5190000000000001
2022-09-02T00:00:00,XTZUSD,1.484
2022-09-03T00:00:00,XTZUSD,1.508
2022-09-04T00:00:00,XTZUSD,1.548
2022-09-05T00:00:00,XTZUSD,1.524
2022-09-06T00:00:00,XTZUSD,1.448
2022-09-07T00:00:00,XTZUSD,1.492
2022-09-08T00:00:00,XTZUSD,1.5739999999999998
2022-09-09T00:00:00,XTZUSD,1.6219999999999999
2022-09-10T00:00:00,XTZUSD,1.645
2022-09-11T00:00:00,XTZUSD,1.681
2022-09-12T00:00:00,XTZUSD,1.6600000000000001
2022-09-13T00:00:00,XTZUSD,1.552
2022-09-14T00:00:00,XTZUSD,1.583
2022-09-15T00:00:00,XTZUSD,1.5470000000000002
2022-09-16T00:00:00,XTZUSD,1.534
2022-09-17T00:00:00,XTZUSD,1.5390000000000001
2022-09-18T00:00:00,XTZUSD,1.4889999999999999
2022-09-19T00:00:00,XTZUSD,1.475
2022-09-20T00:00:00,XTZUSD,1.463
2022-09-21T00:00:00,XTZUSD,1.446
2022-09-22T00:00:00,XTZUSD,1.512
2022-09-23T00:00:00,XTZUSD,1.482
2022-09-24T00:00:00,XTZUSD,1.509
2022-09-25T00:00:00,XTZUSD,1.461
2022-09-26T00:00:00,XTZUSD,1.456
2022-09-27T00:00:00,XTZUSD,1.441
2022-09-28T00:00:00,XTZUSD,1.441
2022-09-29T00:00:00,XTZUSD,1.431
2022-09-30T00:00:00,XTZUSD,1.418
2022-10-01T00:00:00,XTZUSD,1.407
2022-10-02T00:00:00,XTZUSD,1.405
2022-10-03T00:00:00,XTZUSD,1.443
2022-10-04T00:00:00,XTZUSD,1.457
2022-10-05T00:00:00,XTZUSD,1.42
2022-10-06T00:00:00,XTZUSD,1.427
2022-10-07T00:00:00,XTZUSD,1.408
2022-10-08T00:00:00,XTZUSD,1.409
2022-10-09T00:00:00,XTZUSD,1.423
2022-10-10T00:00:00,XTZUSD,1.392
2022-10-11T00:00:00,XTZUSD,1.34
2022-10-12T00:00:00,XTZUSD,1.353
2022-10-13T00:00:00,XTZUSD,1.396
2022-10-14T00:00:00,XTZUSD,1.361
2022-10-15T00:00:00,XTZUSD,1.362
2022-10-16T00:00:00,XTZUSD,1.358
2022-10-17T00:00:00,XTZUSD,1.381
2022-10-18T00:00:00,XTZUSD,1.3719999999999999
2022-10-19T00:00:00,XTZUSD,1.361
2022-10-20T00:00:00,XTZUSD,1.313
2022-10-21T00:00:00,XTZUSD,1.339
2022-10-22T00:00:00,XTZUSD,1.337
2022-10-23T00:00:00,XTZUSD,1.353
2022-10-24T00:00:00,XTZUSD,1.3559999999999999
2022-10-25T00:00:00,XTZUSD,1.384
2022-10-26T00:00:00,XTZUSD,1.436
2022-10-27T00:00:00,XTZUSD,1.421
2022-10-28T00:00:00,XTZUSD,1.448
2022-10-29T00:00:00,XTZUSD,1.45
2022-10-30T00:00:00,XTZUSD,1.433
2022-10-31T00:00:00,XTZUSD,1.417
2022-11-01T00:00:00,XTZUSD,1.411
2022-11-02T00:00:00,XTZUSD,1.373
2022-11-03T00:00:00,XTZUSD,1.3639999999999999
2022-11-04T00:00:00,XTZUSD,1.42
2022-11-05T00:00:00,XTZUSD,1.447
2022-11-06T00:00:00,XTZUSD,1.418
2022-11-07T00:00:00,XTZUSD,1.38
2022-11-08T00:00:00,XTZUSD,1.148
2022-11-09T00:00:00,XTZUSD,1.072
2022-11-10T00:00:00,XTZUSD,1.145
2022-11-11T00:00:00,XTZUSD,1.036
2022-11-12T00:00:00,XTZUSD,1.046
2022-11-13T00:00:00,XTZUSD,1.006
2022-11-14T00:00:00,XTZUSD,0.99
2022-11-15T00:00:00,XTZUSD,1.012
2022-11-16T00:00:00,XTZUSD,0.974
2022-11-17T00:00:00,XTZUSD,0.98
2022-11-18T00:00:00,XTZUSD,0.978
2022-11-19T00:00:00,XTZUSD,0.992
2022-11-20T00:00:00,XTZUSD,1.001
2022-11-21T00:00:00,XTZUSD,0.943
2022-11-22T00:00:00,XTZUSD,0.957
2022-11-23T00:00:00,XTZUSD,0.995
2022-11-24T00:00:00,XTZUSD,0.998
2022-11-25T00:00:00,XTZUSD,0.982
2022-11-26T00:00:00,XTZUSD,0.984
2022-11-27T00:00:00,XTZUSD,1.005
2022-11-28T00:00:00,XTZUSD,0.974
2022-11-29T00:00:00,XTZUSD,0.98
2022-11-30T00:00:00,XTZUSD,1.012
2022-12-01T00:00:00,XTZUSD,0.994
2022-12-02T00:00:00,XTZUSD,1.025
2022-12-03T00:00:00,XTZUSD,1.006
2022-12-04T00:00:00,XTZUSD,1.003
2022-12-05T00:00:00,XTZUSD,1.001
2022-12-06T00:00:00,XTZUSD,1.007
2022-12-07T00:00:00,XTZUSD,0.977
2022-12-08T00:00:00,XTZUSD,0.998
2022-12-09T00:00:00,XTZUSD,0.981
2022-12-10T00:00:00,XTZUSD,0.998
2022-12-11T00:00:00,XTZUSD,0.995
2022-12-12T00:00:00,XTZUSD,0.957
2022-12-13T00:00:00,XTZUSD,0.966
2022-12-14T00:00:00,XTZUSD,0.955
2022-12-15T00:00:00,XTZUSD,0.937
2022-12-16T00:00:00,XTZUSD,0.898
2022-12-17T00:00:00,XTZUSD,0.827
2022-12-18T00:00:00,XTZUSD,0.841
2022-12-19T00:00:00,XTZUSD,0.792
2022-12-20T00:00:00,XTZUSD,0.8
2022-12-21T00:00:00,XTZUSD,0.8
2022-12-22T00:00:00,XTZUSD,0.795
2022-12-23T00:00:00,XTZUSD,0.8
2022-12-24T00:00:00,XTZUSD,0.798
2022-12-25T00:00:00,XTZUSD,0.778
2022-12-26T00:00:00,XTZUSD,0.787
2022-12-27T00:00:00,XTZUSD,0.764
2022-12-28T00:00:00,XTZUSD,0.743
2022-12-29T00:00:00,XTZUSD,0.711
2022-12-30T00:00:00,XTZUSD,0.723
2022-12-31T00:00:00,XTZUSD,0.723
2023-01-01T00:00:00,XTZUSD,0.717
2023-01-02T00:00:00,XTZUSD,0.739
2023-01-03T00:00:00,XTZUSD,0.749
2023-01-04T00:00:00,XTZUSD,0.753
2023-01-05T00:00:00,XTZUSD,0.759
2023-01-06T00:00:00,XTZUSD,0.761
2023-01-07T00:00:00,XTZUSD,0.789
2023-01-08T00:00:00,XTZUSD,0.81
2023-01-09T00:00:00,XTZUSD,0.826
2023-01-10T00:00:00,XTZUSD,0.835
2023-01-11T00:00:00,XTZUSD,0.828
2023-01-12T00:00:00,XTZUSD,0.887
2023-01-13T00:00:00,XTZUSD,0.903
2023-01-14T00:00:00,XTZUSD,1.005
2023-01-15T00:00:00,XTZUSD,1.023
2023-01-16T00:00:00,XTZUSD,1.015
2023-01-17T00:00:00,XTZUSD,1.03
2023-01-18T00:00:00,XTZUSD,0.957
2023-01-19T00:00:00,XTZUSD,0.993
2023-01-20T00:00:00,XTZUSD,1.053
2023-01-21T00:00:00,XTZUSD,1.115
2023-01-22T00:00:00,XTZUSD,1.086
2023-01-23T00:00:00,XTZUSD,1.125
2023-01-24T00:00:00,XTZUSD,1.104
2023-01-25T00:00:00,XTZUSD,1.092
2023-01-26T00:00:00,XTZUSD,1.097
2023-01-27T00:00:00,XTZUSD,1.107
2023-01-28T00:00:00,XTZUSD,1.085
2023-01-29T00:00:00,XTZUSD,1.157
2023-01-30T00:00:00,XTZUSD,1.052
2023-01-31T00:00:00,XTZUSD,1.062
2023-02-01T00:00:00,XTZUSD,1.081
2023-02-02T00:00:00,XTZUSD,1.121
2023-02-03T00:00:00,XTZUSD,1.127
2023-02-04T00:00:00,XTZUSD,1.168
2023-02-05T00:00:00,XTZUSD,1.161
2023-02-06T00:00:00,XTZUSD,1.169
2023-02-07T00:00:00,XTZUSD,1.196
2023-02-08T00:00:00,XTZUSD,1.204
2023-02-09T00:00:00,XTZUSD,1.105
2023-02-10T00:00:00,XTZUSD,1.094
2023-02-11T00:00:00,XTZUSD,1.071
2023-02-12T00:00:00,XTZUSD,1.102
2023-02-13T00:00:00,XTZUSD,1.029
2023-02-14T00:00:00,XTZUSD,1.055
2023-02-15T00:00:00,XTZUSD,1.139
2023-02-16T00:00:00,XTZUSD,1.145
2023-02-17T00:00:00,XTZUSD,1.161
2023-02-18T00:00:00,XTZUSD,1.169
2023-02-19T00:00:00,XTZUSD,1.176
2023-02-20T00:00:00,XTZUSD,1.2570000000000001
2023-02-21T00:00:00,XTZUSD,1.219
2023-02-22T00:00:00,XTZUSD,1.353
2023-02-23T00:00:00,XTZUSD,1.347
2023-02-24T00:00:00,XTZUSD,1.2349999999999999
2023-02-25T00:00:00,XTZUSD,1.166
2023-02-26T00:00:00,XTZUSD,1.213
2023-02-27T00:00:00,XTZUSD,1.168
2023-02-28T00:00:00,XTZUSD,1.151
2023-03-01T00:00:00,XTZUSD,1.185
2023-03-02T00:00:00,XTZUSD,1.164
2023-03-03T00:00:00,XTZUSD,1.129
2023-03-04T00:00:00,XTZUSD,1.106
2023-03-05T00:00:00,XTZUSD,1.138
2023-03-06T00:00:00,XTZUSD,1.131
2023-03-07T00:00:00,XTZUSD,1.093
2023-03-08T00:00:00,XTZUSD,1.05
2023-03-09T00:00:00,XTZUSD,0.963
2023-03-10T00:00:00,XTZUSD,1.005
2023-03-11T00:00:00,XTZUSD,0.973
2023-03-12T00:00:00,XTZUSD,1.019
2023-03-13T00:00:00,XTZUSD,1.088
2023-03-14T00:00:00,XTZUSD,1.192
2023-03-15T00:00:00,XTZUSD,1.147
2023-03-16T00:00:00,XTZUSD,1.169
2023-03-17T00:00:00,XTZUSD,1.199
2023-03-18T00:00:00,XTZUSD,1.213
2023-03-19T00:00:00,XTZUSD,1.2349999999999999
2023-03-20T00:00:00,XTZUSD,1.176
2023-03-21T00:00:00,XTZUSD,1.174
2023-03-22T00:00:00,XTZUSD,1.093
2023-03-23T00:00:00,XTZUSD,1.155
2023-03-24T00:00:00,XTZUSD,1.119
2023-03-25T00:00:00,XTZUSD,1.102
2023-03-26T00:00:00,XTZUSD,1.129
2023-03-27T00:00:00,XTZUSD,1.069
2023-03-28T00:00:00,XTZUSD,1.081
2023-03-29T00:00:00,XTZUSD,1.138
2023-03-30T00:00:00,XTZUSD,1.11
2023-03-31T00:00:00,XTZUSD,1.109
2023-04-01T00:00:00,XTZUSD,1.119
2023-04-02T00:00:00,XTZUSD,1.099
2023-04-03T00:00:00,XTZUSD,1.094
2023-04-04T00:00:00,XTZUSD,1.116
2023-04-05T00:00:00,XTZUSD,1.12
2023-04-06T00:00:00,XTZUSD,1.134
2023-04-07T00:00:00,XTZUSD,1.089
2023-04-08T00:00:00,XTZUSD,1.097
2023-04-09T00:00:00,XTZUSD,1.091
2023-04-10T00:00:00,XTZUSD,1.111
2023-04-11T00:00:00,XTZUSD,1.115
2023-04-12T00:00:00,XTZUSD,1.092
2023-04-13T00:00:00,XTZUSD,1.114
2023-04-14T00:00:00,XTZUSD,1.15
2023-04-15T00:00:00,XTZUSD,1.153
2023-04-16T00:00:00,XTZUSD,1.174
2023-04-17T00:00:00,XTZUSD,1.145
2023-04-18T00:00:00,XTZUSD,1.159
2023-04-19T00:00:00,XTZUSD,1.069
2023-04-20T00:00:00,XTZUSD,1.028
2023-04-21T00:00:00,XTZUSD,0.991
2023-04-22T00:00:00,XTZUSD,1.024
2023-04-23T00:00:00,XTZUSD,1.01
2023-04-24T00:00:00,XTZUSD,1.004
2023-04-25T00:00:00,XTZUSD,1.007
2023-04-26T00:00:00,XTZUSD,0.997
2023-04-27T00:00:00,XTZUSD,1.033
2023-04-28T00:00:00,XTZUSD,1.016
2023-04-29T00:00:00,XTZUSD,1.024
2023-04-30T00:00:00,XTZUSD,1.003
2023-05-01T00:00:00,XTZUSD,0.969
2023-05-02T00:00:00,XTZUSD,0.989
2023-05-03T00:00:00,XTZUSD,0.984
2023-05-04T00:00:00,XTZUSD,0.987
2023-05-05T00:00:00,XTZUSD,1.022
2023-05-06T00:00:00,XTZUSD,0.982
2023-05-07T00:00:00,XTZUSD,0.977
2023-05-08T00:00:00,XTZUSD,0.906
2023-05-09T00:00:00,XTZUSD,0.9
2023-05-10T00:00:00,XTZUSD,0.917
2023-05-11T00:00:00,XTZUSD,0.884
2023-05-12T00:00:00,XTZUSD,0.876
2023-05-13T00:00:00,XTZUSD,0.884
2023-05-14T00:00:00,XTZUSD,0.882
2023-05-15T00:00:00,XTZUSD,0.888
2023-05-16T00:00:00,XTZUSD,0.887
2023-05-17T00:00:00,XTZUSD,0.91
2023-05-18T00:00:00,XTZUSD,0.895
2023-05-19T00:00:00,XTZUSD,0.891
2023-05-20T00:00:00,XTZUSD,0.899
2023-05-21T00:00:00,XTZUSD,0.894
2023-05-22T00:00:00,XTZUSD,0.889
2023-05-23T00:00:00,XTZUSD,0.886
2023-05-24T00:00:00,XTZUSD,0.871
2023-05-25T00:00:00,XTZUSD,0.87
2023-05-26T00:00:00,XTZUSD,0.88
2023-05-27T00:00:00,XTZUSD,0.891
2023-05-28T00:00:00,XTZUSD,0.909
2023-05-29T00:00:00,XTZUSD,0.93
2023-05-30T00:00:00,XTZUSD,0.936
2023-05-31T00:00:00,XTZUSD,0.899
2023-06-01T00:00:00,XTZUSD,0.889
2023-06-02T00:00:00,XTZUSD,0.902
2023-06-03T00:00:00,XTZUSD,0.905
2023-06-04T00:00:00,XTZUSD,0.921
2023-06-05T00:00:00,XTZUSD,0.856
2023-06-06T00:00:00,XTZUSD,0.878
2023-06-07T00:00:00,XTZUSD,0.848
2023-06-08T00:00:00,XTZUSD,0.838
2023-06-09T00:00:00,XTZUSD,0.823
2023-06-10T00:00:00,XTZUSD,0.718
2023-06-11T00:00:00,XTZUSD,0.727
2023-06-12T00:00:00,XTZUSD,0.718
2023-06-13T00:00:00,XTZUSD,0.72
2023-06-14T00:00:00,XTZUSD,0.71
2023-06-15T00:00:00,XTZUSD,0.724
2023-06-16T00:00:00,XTZUSD,0.719
2023-06-17T00:00:00,XTZUSD,0.726
2023-06-18T00:00:00,XTZUSD,0.726
2023-06-19T00:00:00,XTZUSD,0.728
2023-06-20T00:00:00,XTZUSD,0.735
2023-06-21T00:00:00,XTZUSD,0.765
2023-06-22T00:00:00,XTZUSD,0.767
2023-06-23T00:00:00,XTZUSD,0.803
2023-06-24T00:00:00,XTZUSD,0.816
2023-06-25T00:00:00,XTZUSD,0.82
2023-06-26T00:00:00,XTZUSD,0.793
2023-06-27T00:00:00,XTZUSD,0.803
2023-06-28T00:00:00,XTZUSD,0.758
2023-06-29T00:00:00,XTZUSD,0.764
2023-06-30T00:00:00,XTZUSD,0.798
2023-07-01T00:00:00,XTZUSD,0.816
2023-07-02T00:00:00,XTZUSD,0.821
2023-07-03T00:00:00,XTZUSD,0.849
2023-07-04T00:00:00,XTZUSD,0.828
2023-07-05T00:00:00,XTZUSD,0.801
2023-07-06T00:00:00,XTZUSD,0.79
2023-07-07T00:00:00,XTZUSD,0.792
2023-07-08T00:00:00,XTZUSD,0.802
2023-07-09T00:00:00,XTZUSD,0.809
2023-07-10T00:00:00,XTZUSD,0.82
2023-07-11T00:00:00,XTZUSD,0.824
2023-07-12T00:00:00,XTZUSD,0.817
2023-07-13T00:00:00,XTZUSD,0.89
2023-07-14T00:00:00,XTZUSD,0.862
2023-07-15T00:00:00,XTZUSD,0.885
2023-07-16T00:00:00,XTZUSD,0.859
2023-07-17T00:00:00,XTZUSD,0.843
2023-07-18T00:00:00,XTZUSD,0.823
2023-07-19T00:00:00,XTZUSD,0.841
2023-07-20T00:00:00,XTZUSD,0.856
2023-07-21T00:00:00,XTZUSD,0.848
2023-07-22T00:00:00,XTZUSD,0.846
2023-07-23T00:00:00,XTZUSD,0.863
2023-07-24T00:00:00,XTZUSD,0.809
2023-07-25T00:00:00,XTZUSD,0.807
2023-07-26T00:00:00,XTZUSD,0.817
2023-07-27T00:00:00,XTZUSD,0.798
2023-07-28T00:00:00,XTZUSD,0.826
2023-07-29T00:00:00,XTZUSD,0.839
2023-07-30T00:00:00,XTZUSD,0.829
2023-07-31T00:00:00,XTZUSD,0.821
2023-08-01T00:00:00,XTZUSD,0.824
2023-08-02T00:00:00,XTZUSD,0.837
2023-08-03T00:00:00,XTZUSD,0.816
2023-08-04T00:00:00,XTZUSD,0.8
2023-08-05T00:00:00,XTZUSD,0.802
2023-08-06T00:00:00,XTZUSD,0.806
2023-08-07T00:00:00,XTZUSD,0.789
2023-08-08T00:00:00,XTZUSD,0.801
2023-08-09T00:00:00,XTZUSD,0.791
2023-08-10T00:00:00,XTZUSD,0.786
2023-08-11T00:00:00,XTZUSD,0.789
2023-08-12T00:00:00,XTZUSD,0.79
2023-08-13T00:00:00,XTZUSD,0.797
2023-08-14T00:00:00,XTZUSD,0.795
2023-08-15T00:00:00,XTZUSD,0.756
2023-08-16T00:00:00,XTZUSD,0.734
2023-08-17T00:00:00,XTZUSD,0.722
2023-08-18T00:00:00,XTZUSD,0.698
2023-08-19T00:00:00,XTZUSD,0.702
2023-08-20T00:00:00,XTZUSD,0.707
2023-08-21T00:00:00,XTZUSD,0.702
2023-08-22T00:00:00,XTZUSD,0.679
2023-08-23T00:00:00,XTZUSD,0.709
2023-08-24T00:00:00,XTZUSD,0.688
2023-08-25T00:00:00,XTZUSD,0.695
2023-08-26T00:00:00,XTZUSD,0.678
2023-08-27T00:00:00,XTZUSD,0.696
2023-08-28T00:00:00,XTZUSD,0.703
2023-08-29T00:00:00,XTZUSD,0.721
2023-08-30T00:00:00,XTZUSD,0.713
2023-08-31T00:00:00,XTZUSD,0.687
2023-09-01T00:00:00,XTZUSD,0.677
2023-09-02T00:00:00,XTZUSD,0.686
2023-09-03T00:00:00,XTZUSD,0.685
2023-09-04T00:00:00,XTZUSD,0.694
2023-09-05T00:00:00,XTZUSD,0.694
2023-09-06T00:00:00,XTZUSD,0.687
2023-09-07T00:00:00,XTZUSD,0.688
2023-09-08T00:00:00,XTZUSD,0.69
2023-09-09T00:00:00,XTZUSD,0.691
2023-09-10T00:00:00,XTZUSD,0.678
2023-09-11T00:00:00,XTZUSD,0.639
2023-09-12T00:00:00,XTZUSD,0.631
2023-09-13T00:00:00,XTZUSD,0.644
2023-09-14T00:00:00,XTZUSD,0.648
2023-09-15T00:00:00,XTZUSD,0.666
2023-09-16T00:00:00,XTZUSD,0.679
2023-09-17T00:00:00,XTZUSD,0.65
2023-09-18T00:00:00,XTZUSD,0.669
2023-09-19T00:00:00,XTZUSD,0.674
2023-09-20T00:00:00,XTZUSD,0.67
2023-09-21T00:00:00,XTZUSD,0.656
2023-09-22T00:00:00,XTZUSD,0.658
2023-09-23T00:00:00,XTZUSD,0.659
2023-09-24T00:00:00,XTZUSD,0.655
2023-09-25T00:00:00,XTZUSD,0.651
2023-09-26T00:00:00,XTZUSD,0.651
2023-09-27T00:00:00,XTZUSD,0.647
2023-09-28T00:00:00,XTZUSD,0.664
2023-09-29T00:00:00,XTZUSD,0.676
2023-09-30T00:00:00,XTZUSD,0.682
2023-10-01T00:00:00,XTZUSD,0.688
2023-10-02T00:00:00,XTZUSD,0.677
2023-10-03T00:00:00,XTZUSD,0.669
2023-10-04T00:00:00,XTZUSD,0.676
2023-10-05T00:00:00,XTZUSD,0.669
2023-10-06T00:00:00,XTZUSD,0.675
2023-10-07T00:00:00,XTZUSD,0.673
2023-10-08T00:00:00,XTZUSD,0.676
2023-10-09T00:00:00,XTZUSD,0.644
2023-10-10T00:00:00,XTZUSD,0.685
2023-10-11T00:00:00,XTZUSD,0.651
2023-10-12T00:00:00,XTZUSD,0.639
2023-10-13T00:00:00,XTZUSD,0.655
2023-10-14T00:00:00,XTZUSD,0.652
2023-10-15T00:00:00,XTZUSD,0.658
2023-10-16T00:00:00,XTZUSD,0.655
2023-10-17T00:00:00,XTZUSD,0.648
2023-10-18T00:00:00,XTZUSD,0.627
2023-10-19T00:00:00,XTZUSD,0.618
2023-10-20T00:00:00,XTZUSD,0.641
2023-10-21T00:00:00,XTZUSD,0.663
2023-10-22T00:00:00,XTZUSD,0.664
2023-10-23T00:00:00,XTZUSD,0.681
2023-10-24T00:00:00,XTZUSD,0.701
2023-10-25T00:00:00,XTZUSD,0.706
2023-10-26T00:00:00,XTZUSD,0.704
2023-10-27T00:00:00,XTZUSD,0.705
2023-10-28T00:00:00,XTZUSD,0.729
2023-10-29T00:00:00,XTZUSD,0.748
2023-10-30T00:00:00,XTZUSD,0.749
2023-10-31T00:00:00,XTZUSD,0.745
2023-11-01T00:00:00,XTZUSD,0.79
2023-11-02T00:00:00,XTZUSD,0.792
2023-11-03T00:00:00,XTZUSD,0.778
2023-11-04T00:00:00,XTZUSD,0.775
2023-11-05T00:00:00,XTZUSD,0.8
2023-11-06T00:00:00,XTZUSD,0.82
2023-11-07T00:00:00,XTZUSD,0.846
2023-11-08T00:00:00,XTZUSD,0.867
2023-11-09T00:00:00,XTZUSD,0.816
2023-11-10T00:00:00,XTZUSD,0.888
2023-11-11T00:00:00,XTZUSD,0.909
2023-11-12T00:00:00,XTZUSD,0.928
2023-11-13T00:00:00,XTZUSD,0.911
2023-11-14T00:00:00,XTZUSD,0.835
2023-11-15T00:00:00,XTZUSD,0.878
2023-11-16T00:00:00,XTZUSD,0.838
2023-11-17T00:00:00,XTZUSD,0.838
2023-11-18T00:00:00,XTZUSD,0.834
2023-11-19T00:00:00,XTZUSD,0.849
2023-11-20T00:00:00,XTZUSD,0.849
2023-11-21T00:00:00,XTZUSD,0.803
2023-11-22T00:00:00,XTZUSD,0.803
2023-11-23T00:00:00,XTZUSD,0.809
2023-11-24T00:00:00,XTZUSD,0.823
2023-11-25T00:00:00,XTZUSD,0.835
2023-11-26T00:00:00,XTZUSD,0.844
2023-11-27T00:00:00,XTZUSD,0.788
2023-11-28T00:00:00,XTZUSD,0.82
2023-11-29T00:00:00,XTZUSD,0.817
2023-11-30T00:00:00,XTZUSD,0.827
2023-12-01T00:00:00,XTZUSD,0.838
2023-12-02T00:00:00,XTZUSD,0.87
2023-12-03T00:00:00,XTZUSD,0.852
2023-12-04T00:00:00,XTZUSD,0.862
2023-12-05T00:00:00,XTZUSD,0.888
2023-12-06T00:00:00,XTZUSD,0.883
2023-12-07T00:00:00,XTZUSD,0.903
2023-12-08T00:00:00,XTZUSD,0.937
2023-12-09T00:00:00,XTZUSD,0.983
2023-12-10T00:00:00,XTZUSD,0.972
2023-12-11T00:00:00,XTZUSD,0.861
2023-12-12T00:00:00,XTZUSD,0.899
2023-12-13T00:00:00,XTZUSD,0.918
2023-12-14T00:00:00,XTZUSD,0.97
2023-12-15T00:00:00,XTZUSD,0.934
2023-12-16T00:00:00,XTZUSD,0.942
2023-12-17T00:00:00,XTZUSD,0.936
2023-12-18T00:00:00,XTZUSD,0.868
2023-12-19T00:00:00,XTZUSD,0.863
2023-12-20T00:00:00,XTZUSD,0.881
2023-12-21T00:00:00,XTZUSD,0.928
2023-12-22T00:00:00,XTZUSD,0.983
2023-12-23T00:00:00,XTZUSD,0.985
2023-12-24T00:00:00,XTZUSD,0.991
2023-12-25T00:00:00,XTZUSD,1.033
2023-12-26T00:00:00,XTZUSD,1.028
2023-12-27T00:00:00,XTZUSD,1.125
2023-12-28T00:00:00,XTZUSD,1.053
2023-12-29T00:00:00,XTZUSD,1.027
2023-12-30T00:00:00,XTZUSD,1.016
2023-12-31T00:00:00,XTZUSD,1.02
2024-01-01T00:00:00,XTZUSD,1.104
2024-01-02T00:00:00,XTZUSD,1.055
2024-01-03T00:00:00,XTZUSD,0.992
2024-01-04T00:00:00,XTZUSD,0.972
2024-01-05T00:00:00,XTZUSD,0.927
2024-01-06T00:00:00,XTZUSD,0.922
2024-01-07T00:00:00,XTZUSD,0.901
2024-01-08T00:00:00,XTZUSD,0.929
2024-01-09T00:00:00,XTZUSD,0.86
2024-01-10T00:00:00,XTZUSD,0.901
2024-01-11T00:00:00,XTZUSD,1.06
2024-01-12T00:00:00,XTZUSD,1.05
2024-01-13T00:00:00,XTZUSD,1.069
2024-01-14T00:00:00,XTZUSD,1.144
2024-01-15T00:00:00,XTZUSD,1.193
2024-01-16T00:00:00,XTZUSD,1.135
2024-01-17T00:00:00,XTZUSD,1.091
2024-01-18T00:00:00,XTZUSD,1.029
2024-01-19T00:00:00,XTZUSD,1.005
2024-01-20T00:00:00,XTZUSD,1.027
2024-01-21T00:00:00,XTZUSD,1.028
2024-01-22T00:00:00,XTZUSD,0.969
2024-01-23T00:00:00,XTZUSD,0.912
2024-01-24T00:00:00,XTZUSD,0.934
2024-01-25T00:00:00,XTZUSD,0.931
2024-01-26T00:00:00,XTZUSD,0.964
2024-01-27T00:00:00,XTZUSD,0.998
2024-01-28T00:00:00,XTZUSD,0.977
2024-01-29T00:00:00,XTZUSD,0.993
2024-01-30T00:00:00,XTZUSD,0.993
2024-01-31T00:00:00,XTZUSD,0.969
2024-02-01T00:00:00,XTZUSD,0.972
2024-02-02T00:00:00,XTZUSD,0.99
2024-02-03T00:00:00,XTZUSD,1
2024-02-04T00:00:00,XTZUSD,0.972
2024-02-05T00:00:00,XTZUSD,0.967
2024-02-06T00:00:00,XTZUSD,0.982
2024-02-07T00:00:00,XTZUSD,1.004
2024-02-08T00:00:00,XTZUSD,1.008
2024-02-09T00:00:00,XTZUSD,1.037
2024-02-10T00:00:00,XTZUSD,1.04
2024-02-11T00:00:00,XTZUSD,1.027
2024-02-12T00:00:00,XTZUSD,1.044
2024-02-13T00:00:00,XTZUSD,1.038
2024-02-14T00:00:00,XTZUSD,1.061
2024-02-15T00:00:00,XTZUSD,1.074
2024-02-16T00:00:00,XTZUSD,1.064
2024-02-17T00:00:00,XTZUSD,1.053
2024-02-18T00:00:00,XTZUSD,1.071
2024-02-19T00:00:00,XTZUSD,1.081
2024-02-20T00:00:00,XTZUSD,1.101
2024-02-21T00:00:00,XTZUSD,1.06
2024-02-22T00:00:00,XTZUSD,1.129
2024-02-23T00:00:00,XTZUSD,1.101
2024-02-24T00:00:00,XTZUSD,1.126
2024-02-25T00:00:00,XTZUSD,1.115
2024-02-26T00:00:00,XTZUSD,1.139
2024-02-27T00:00:00,XTZUSD,1.147
2024-02-28T00:00:00,XTZUSD,1.173
2024-02-29T00:00:00,XTZUSD,1.2530000000000001
2024-03-01T00:00:00,XTZUSD,1.2690000000000001
2024-03-02T00:00:00,XTZUSD,1.379
2024-03-03T00:00:00,XTZUSD,1.361
2024-03-04T00:00:00,XTZUSD,1.418
2024-03-05T00:00:00,XTZUSD,1.25
2024-03-06T00:00:00,XTZUSD,1.353
2024-03-07T00:00:00,XTZUSD,1.467
2024-03-08T00:00:00,XTZUSD,1.431
2024-03-09T00:00:00,XTZUSD,1.44
2024-03-10T00:00:00,XTZUSD,1.422
2024-03-11T00:00:00,XTZUSD,1.52
2024-03-12T00:00:00,XTZUSD,1.518
2024-03-13T00:00:00,XTZUSD,1.514
2024-03-14T00:00:00,XTZUSD,1.467
2024-03-15T00:00:00,XTZUSD,1.337
2024-03-16T00:00:00,XTZUSD,1.295
2024-03-17T00:00:00,XTZUSD,1.336
2024-03-18T00:00:00,XTZUSD,1.266
2024-03-19T00:00:00,XTZUSD,1.182
2024-03-20T00:00:00,XTZUSD,1.255
2024-03-21T00:00:00,XTZUSD,1.249
2024-03-22T00:00:00,XTZUSD,1.208
2024-03-23T00:00:00,XTZUSD,1.255
2024-03-24T00:00:00,XTZUSD,1.289
2024-03-25T00:00:00,XTZUSD,1.355
2024-03-26T00:00:00,XTZUSD,1.355
2024-03-27T00:00:00,XTZUSD,1.3820000000000001
2024-03-28T00:00:00,XTZUSD,1.4
2024-03-29T00:00:00,XTZUSD,1.409
2024-03-30T00:00:00,XTZUSD,1.383
2024-03-31T00:00:00,XTZUSD,1.401
2024-04-01T00:00:00,XTZUSD,1.358
2024-04-02T00:00:00,XTZUSD,1.2389999999999999
2024-04-03T00:00:00,XTZUSD,1.199
2024-04-04T00:00:00,XTZUSD,1.26
2024-04-05T00:00:00,XTZUSD,1.256
2024-04-06T00:00:00,XTZUSD,1.2570000000000001
2024-04-07T00:00:00,XTZUSD,1.2610000000000001
2024-04-08T00:00:00,XTZUSD,1.322
2024-04-09T00:00:00,XTZUSD,1.288
2024-04-10T00:00:00,XTZUSD,1.248
2024-04-11T00:00:00,XTZUSD,1.283
2024-04-12T00:00:00,XTZUSD,1.106
2024-04-13T00:00:00,XTZUSD,0.897
2024-04-14T00:00:00,XTZUSD,1.001
2024-04-15T00:00:00,XTZUSD,0.983
2024-04-16T00:00:00,XTZUSD,0.993
2024-04-17T00:00:00,XTZUSD,0.935
2024-04-18T00:00:00,XTZUSD,0.97
2024-04-19T00:00:00,XTZUSD,0.984
2024-04-20T00:00:00,XTZUSD,1.079
2024-04-21T00:00:00,XTZUSD,1.038
2024-04-22T00:00:00,XTZUSD,1.055
2024-04-23T00:00:00,XTZUSD,1.053
2024-04-24T00:00:00,XTZUSD,1.013
2024-04-25T00:00:00,XTZUSD,1.024
2024-04-26T00:00:00,XTZUSD,1.01
2024-04-27T00:00:00,XTZUSD,1.002
2024-04-28T00:00:00,XTZUSD,1.015
2024-04-29T00:00:00,XTZUSD,0.968
2024-04-30T00:00:00,XTZUSD,0.898
2024-05-01T00:00:00,XTZUSD,0.904
2024-05-02T00:00:00,XTZUSD,0.932
2024-05-03T00:00:00,XTZUSD,0.978
2024-05-04T00:00:00,XTZUSD,0.97
2024-05-05T00:00:00,XTZUSD,0.962
2024-05-06T00:00:00,XTZUSD,0.945
2024-05-07T00:00:00,XTZUSD,0.935
2024-05-08T00:00:00,XTZUSD,0.912
2024-05-09T00:00:00,XTZUSD,0.932
2024-05-10T00:00:00,XTZUSD,0.898
2024-05-11T00:00:00,XTZUSD,0.912
2024-05-12T00:00:00,XTZUSD,0.888
2024-05-13T00:00:00,XTZUSD,0.885
2024-05-14T00:00:00,XTZUSD,0.879
2024-05-15T00:00:00,XTZUSD,0.913
2024-05-16T00:00:00,XTZUSD,0.914
2024-05-17T00:00:00,XTZUSD,0.943
2024-05-18T00:00:00,XTZUSD,0.945
2024-05-19T00:00:00,XTZUSD,0.909
2024-05-20T00:00:00,XTZUSD,0.966
2024-05-21T00:00:00,XTZUSD,0.993
2024-05-22T00:00:00,XTZUSD,0.966
2024-05-23T00:00:00,XTZUSD,0.931
2024-05-24T00:00:00,XTZUSD,0.975
2024-05-25T00:00:00,XTZUSD,0.995
2024-05-26T00:00:00,XTZUSD,0.956
2024-05-27T00:00:00,XTZUSD,0.999
2024-05-28T00:00:00,XTZUSD,0.984
2024-05-29T00:00:00,XTZUSD,0.95
2024-05-30T00:00:00,XTZUSD,0.961
2024-05-31T00:00:00,XTZUSD,0.96
2024-06-01T00:00:00,XTZUSD,0.94
2024-06-02T00:00:00,XTZUSD,0.926
2024-06-03T00:00:00,XTZUSD,0.929
2024-06-04T00:00:00,XTZUSD,0.941
2024-06-05T00:00:00,XTZUSD,0.953
2024-06-06T00:00:00,XTZUSD,0.938
2024-06-07T00:00:00,XTZUSD,0.873
2024-06-08T00:00:00,XTZUSD,0.825
2024-06-09T00:00:00,XTZUSD,0.849
2024-06-10T00:00:00,XTZUSD,0.849
2024-06-11T00:00:00,XTZUSD,0.819
2024-06-12T00:00:00,XTZUSD,0.849
2024-06-13T00:00:00,XTZUSD,0.816
2024-06-14T00:00:00,XTZUSD,0.802
2024-06-15T00:00:00,XTZUSD,0.81
2024-06-16T00:00:00,XTZUSD,0.81
2024-06-17T00:00:00,XTZUSD,0.761
2024-06-18T00:00:00,XTZUSD,0.731
2024-06-19T00:00:00,XTZUSD,0.774
2024-06-20T00:00:00,XTZUSD,0.784
2024-06-21T00:00:00,XTZUSD,0.776
2024-06-22T00:00:00,XTZUSD,0.772
2024-06-23T00:00:00,XTZUSD,0.772
2024-06-24T00:00:00,XTZUSD,0.75
2024-06-25T00:00:00,XTZUSD,0.796
2024-06-26T00:00:00,XTZUSD,0.776
2024-06-27T00:00:00,XTZUSD,0.776
2024-06-28T00:00:00,XTZUSD,0.765
2024-06-29T00:00:00,XTZUSD,0.768
2024-06-30T00:00:00,XTZUSD,0.783
2024-07-01T00:00:00,XTZUSD,0.791
2024-07-02T00:00:00,XTZUSD,0.798
2024-07-03T00:00:00,XTZUSD,0.757
2024-07-04T00:00:00,XTZUSD,0.7
2024-07-05T00:00:00,XTZUSD,0.725
2024-07-06T00:00:00,XTZUSD,0.741
2024-07-07T00:00:00,XTZUSD,0.706
2024-07-08T00:00:00,XTZUSD,0.708
2024-07-09T00:00:00,XTZUSD,0.75
2024-07-10T00:00:00,XTZUSD,0.74
2024-07-11T00:00:00,XTZUSD,0.757
2024-07-12T00:00:00,XTZUSD,0.761
2024-07-13T00:00:00,XTZUSD,0.781
2024-07-14T00:00:00,XTZUSD,0.782
2024-07-15T00:00:00,XTZUSD,0.808
2024-07-16T00:00:00,XTZUSD,0.817
2024-07-17T00:00:00,XTZUSD,0.811
2024-07-18T00:00:00,XTZUSD,0.791
2024-07-19T00:00:00,XTZUSD,0.807
2024-07-20T00:00:00,XTZUSD,0.804
2024-07-21T00:00:00,XTZUSD,0.798
2024-07-22T00:00:00,XTZUSD,0.784
2024-07-23T00:00:00,XTZUSD,0.757
2024-07-24T00:00:00,XTZUSD,0.753
2024-07-25T00:00:00,XTZUSD,0.73
2024-07-26T00:00:00,XTZUSD,0.774
2024-07-27T00:00:00,XTZUSD,0.772
2024-07-28T00:00:00,XTZUSD,0.769
2024-07-29T00:00:00,XTZUSD,0.756
2024-07-30T00:00:00,XTZUSD,0.744
2024-07-31T00:00:00,XTZUSD,0.731
2024-08-01T00:00:00,XTZUSD,0.719
2024-08-02T00:00:00,XTZUSD,0.692
2024-08-03T00:00:00,XTZUSD,0.666
2024-08-04T00:00:00,XTZUSD,0.667
2024-08-05T00:00:00,XTZUSD,0.615
2024-08-06T00:00:00,XTZUSD,0.642
2024-08-07T00:00:00,XTZUSD,0.636
2024-08-08T00:00:00,XTZUSD,0.681
2024-08-09T00:00:00,XTZUSD,0.679
2024-08-10T00:00:00,XTZUSD,0.685
2024-08-11T00:00:00,XTZUSD,0.654
2024-08-12T00:00:00,XTZUSD,0.666
2024-08-13T00:00:00,XTZUSD,0.682
2024-08-14T00:00:00,XTZUSD,0.655
2024-08-15T00:00:00,XTZUSD,0.634
2024-08-16T00:00:00,XTZUSD,0.651
2024-08-17T00:00:00,XTZUSD,0.648
2024-08-18T00:00:00,XTZUSD,0.66
2024-08-19T00:00:00,XTZUSD,0.656
2024-08-20T00:00:00,XTZUSD,0.663
2024-08-21T00:00:00,XTZUSD,0.695
2024-08-22T00:00:00,XTZUSD,0.694
2024-08-23T00:00:00,XTZUSD,0.734
2024-08-24T00:00:00,XTZUSD,0.752
2024-08-25T00:00:00,XTZUSD,0.738
2024-08-26T00:00:00,XTZUSD,0.708
2024-08-27T00:00:00,XTZUSD,0.694
2024-08-28T00:00:00,XTZUSD,0.67
2024-08-29T00:00:00,XTZUSD,0.669
2024-08-30T00:00:00,XTZUSD,0.662
2024-08-31T00:00:00,XTZUSD,0.655
2024-09-01T00:00:00,XTZUSD,0.642
2024-09-02T00:00:00,XTZUSD,0.654
2024-09-03T00:00:00,XTZUSD,0.63
2024-09-04T00:00:00,XTZUSD,0.639
2024-09-05T00:00:00,XTZUSD,0.614
2024-09-06T00:00:00,XTZUSD,0.579
2024-09-07T00:00:00,XTZUSD,0.606
2024-09-08T00:00:00,XTZUSD,0.611
2024-09-09T00:00:00,XTZUSD,0.637
2024-09-10T00:00:00,XTZUSD,0.643
2024-09-11T00:00:00,XTZUSD,0.631
2024-09-12T00:00:00,XTZUSD,0.639
2024-09-13T00:00:00,XTZUSD,0.654
2024-09-14T00:00:00,XTZUSD,0.647
2024-09-15T00:00:00,XTZUSD,0.637
2024-09-16T00:00:00,XTZUSD,0.621
2024-09-17T00:00:00,XTZUSD,0.634
2024-09-18T00:00:00,XTZUSD,0.633
2024-09-19T00:00:00,XTZUSD,0.676
2024-09-20T00:00:00,XTZUSD,0.682
2024-09-21T00:00:00,XTZUSD,0.695
2024-09-22T00:00:00,XTZUSD,0.685
2024-09-23T00:00:00,XTZUSD,0.692
2024-09-24T00:00:00,XTZUSD,0.703
2024-09-25T00:00:00,XTZUSD,0.713
2024-09-26T00:00:00,XTZUSD,0.726
2024-09-27T00:00:00,XTZUSD,0.748
2024-09-28T00:00:00,XTZUSD,0.737
2024-09-29T00:00:00,XTZUSD,0.748
2024-09-30T00:00:00,XTZUSD,0.716
2024-10-01T00:00:00,XTZUSD,0.656
2024-10-02T00:00:00,XTZUSD,0.647
2024-10-03T00:00:00,XTZUSD,0.63
2024-10-04T00:00:00,XTZUSD,0.657
2024-10-05T00:00:00,XTZUSD,0.652
2024-10-06T00:00:00,XTZUSD,0.669
2024-10-07T00:00:00,XTZUSD,0.668
2024-10-08T00:00:00,XTZUSD,0.656
2024-10-09T00:00:00,XTZUSD,0.633
2024-10-10T00:00:00,XTZUSD,0.64
2024-10-11T00:00:00,XTZUSD,0.679
2024-10-12T00:00:00,XTZUSD,0.689
2024-10-13T00:00:00,XTZUSD,0.681
2024-10-14T00:00:00,XTZUSD,0.706
2024-10-15T00:00:00,XTZUSD,0.686
2024-10-16T00:00:00,XTZUSD,0.691
2024-10-17T00:00:00,XTZUSD,0.671
2024-10-18T00:00:00,XTZUSD,0.688
2024-10-19T00:00:00,XTZUSD,0.685
2024-10-20T00:00:00,XTZUSD,0.701
2024-10-21T00:00:00,XTZUSD,0.696
2024-10-22T00:00:00,XTZUSD,0.683
2024-10-23T00:00:00,XTZUSD,0.661
2024-10-24T00:00:00,XTZUSD,0.668
2024-10-25T00:00:00,XTZUSD,0.652
2024-10-26T00:00:00,XTZUSD,0.63
2024-10-27T00:00:00,XTZUSD,0.636
2024-10-28T00:00:00,XTZUSD,0.638
2024-10-29T00:00:00,XTZUSD,0.669
2024-10-30T00:00:00,XTZUSD,0.663
2024-10-31T00:00:00,XTZUSD,0.629
2024-11-01T00:00:00,XTZUSD,0.625
2024-11-02T00:00:00,XTZUSD,0.621
2024-11-03T00:00:00,XTZUSD,0.598
2024-11-04T00:00:00,XTZUSD,0.589
2024-11-05T00:00:00,XTZUSD,0.61
2024-11-06T00:00:00,XTZUSD,0.645
2024-11-07T00:00:00,XTZUSD,0.654
2024-11-08T00:00:00,XTZUSD,0.658
2024-11-09T00:00:00,XTZUSD,0.675
2024-11-10T00:00:00,XTZUSD,0.699
2024-11-11T00:00:00,XTZUSD,0.737
2024-11-12T00:00:00,XTZUSD,0.729
2024-11-13T00:00:00,XTZUSD,0.715
2024-11-14T00:00:00,XTZUSD,0.711
2024-11-15T00:00:00,XTZUSD,0.741
2024-11-16T00:00:00,XTZUSD,0.831
2024-11-17T00:00:00,XTZUSD,0.782
2024-11-18T00:00:00,XTZUSD,1.164
2024-11-19T00:00:00,XTZUSD,1.047
2024-11-20T00:00:00,XTZUSD,1.061
2024-11-21T00:00:00,XTZUSD,1.04
2024-11-22T00:00:00,XTZUSD,1.106
2024-11-23T00:00:00,XTZUSD,1.129
2024-11-24T00:00:00,XTZUSD,1.377
2024-11-25T00:00:00,XTZUSD,1.276
2024-11-26T00:00:00,XTZUSD,1.18
2024-11-27T00:00:00,XTZUSD,1.275
2024-11-28T00:00:00,XTZUSD,1.2610000000000001
2024-11-29T00:00:00,XTZUSD,1.333
2024-11-30T00:00:00,XTZUSD,1.7389999999999999
2024-12-01T00:00:00,XTZUSD,1.6989999999999998
2024-12-02T00:00:00,XTZUSD,1.616
2024-12-03T00:00:00,XTZUSD,1.642
2024-12-04T00:00:00,XTZUSD,1.705
2024-12-05T00:00:00,XTZUSD,1.67
2024-12-06T00:00:00,XTZUSD,1.745
2024-12-07T00:00:00,XTZUSD,1.756
2024-12-08T00:00:00,XTZUSD,1.726
2024-12-09T00:00:00,XTZUSD,1.47
2024-12-10T00:00:00,XTZUSD,1.4
2024-12-11T00:00:00,XTZUSD,1.475
2024-12-12T00:00:00,XTZUSD,1.48
2024-12-13T00:00:00,XTZUSD,1.468
2024-12-14T00:00:00,XTZUSD,1.375
2024-12-15T00:00:00,XTZUSD,1.465
2024-12-16T00:00:00,XTZUSD,1.462
2024-12-17T00:00:00,XTZUSD,1.487
2024-12-18T00:00:00,XTZUSD,1.325
2024-12-19T00:00:00,XTZUSD,1.186
2024-12-20T00:00:00,XTZUSD,1.227
2024-12-21T00:00:00,XTZUSD,1.2810000000000001
2024-12-22T00:00:00,XTZUSD,1.2389999999999999
2024-12-23T00:00:00,XTZUSD,1.338
2024-12-24T00:00:00,XTZUSD,1.411
2024-12-25T00:00:00,XTZUSD,1.415
2024-12-26T00:00:00,XTZUSD,1.335
2024-12-27T00:00:00,XTZUSD,1.3559999999999999
2024-12-28T00:00:00,XTZUSD,1.393
2024-12-29T00:00:00,XTZUSD,1.37
2024-12-30T00:00:00,XTZUSD,1.3980000000000001
2024-12-31T00:00:00,XTZUSD,1.283
2025-01-01T00:00:00,XTZUSD,1.369
2025-01-02T00:00:00,XTZUSD,1.367
2025-01-03T00:00:00,XTZUSD,1.433
2025-01-04T00:00:00,XTZUSD,1.419
2025-01-05T00:00:00,XTZUSD,1.431
2025-01-06T00:00:00,XTZUSD,1.45
2025-01-07T00:00:00,XTZUSD,1.324
2025-01-08T00:00:00,XTZUSD,1.299
2025-01-09T00:00:00,XTZUSD,1.252
2025-01-10T00:00:00,XTZUSD,1.282
2025-01-11T00:00:00,XTZUSD,1.285
2025-01-12T00:00:00,XTZUSD,1.262
2025-01-13T00:00:00,XTZUSD,1.22
2025-01-14T00:00:00,XTZUSD,1.2650000000000001
2025-01-15T00:00:00,XTZUSD,1.329
2025-01-16T00:00:00,XTZUSD,1.3719999999999999
2025-01-17T00:00:00,XTZUSD,1.418
2025-01-18T00:00:00,XTZUSD,1.313
2025-01-19T00:00:00,XTZUSD,1.314
2025-01-20T00:00:00,XTZUSD,1.249
2025-01-21T00:00:00,XTZUSD,1.224
2025-01-22T00:00:00,XTZUSD,1.191
2025-01-23T00:00:00,XTZUSD,1.153
2025-01-24T00:00:00,XTZUSD,1.151
2025-01-25T00:00:00,XTZUSD,1.161
2025-01-26T00:00:00,XTZUSD,1.156
2025-01-27T00:00:00,XTZUSD,1.1
2025-01-28T00:00:00,XTZUSD,1.055
2025-01-29T00:00:00,XTZUSD,1.075
2025-01-30T00:00:00,XTZUSD,1.094
2025-01-31T00:00:00,XTZUSD,1.087
2025-02-01T00:00:00,XTZUSD,1.032
2025-02-02T00:00:00,XTZUSD,0.899
2025-02-03T00:00:00,XTZUSD,0.904
2025-02-04T00:00:00,XTZUSD,0.875
2025-02-05T00:00:00,XTZUSD,0.868
2025-02-06T00:00:00,XTZUSD,0.84
2025-02-07T00:00:00,XTZUSD,0.82
2025-02-08T00:00:00,XTZUSD,0.872
2025-02-09T00:00:00,XTZUSD,0.88
2025-02-10T00:00:00,XTZUSD,0.889
2025-02-11T00:00:00,XTZUSD,0.859
2025-02-12T00:00:00,XTZUSD,0.898
2025-02-13T00:00:00,XTZUSD,0.886
2025-02-14T00:00:00,XTZUSD,0.909
2025-02-15T00:00:00,XTZUSD,0.879
2025-02-16T00:00:00,XTZUSD,0.884
2025-02-17T00:00:00,XTZUSD,0.887
2025-02-18T00:00:00,XTZUSD,0.839
2025-02-19T00:00:00,XTZUSD,0.866
2025-02-20T00:00:00,XTZUSD,0.891
2025-02-21T00:00:00,XTZUSD,0.862
2025-02-22T00:00:00,XTZUSD,0.887
2025-02-23T00:00:00,XTZUSD,0.863
2025-02-24T00:00:00,XTZUSD,0.802
2025-02-25T00:00:00,XTZUSD,0.78
2025-02-26T00:00:00,XTZUSD,0.762
2025-02-27T00:00:00,XTZUSD,0.744
2025-02-28T00:00:00,XTZUSD,0.764
2025-03-01T00:00:00,XTZUSD,0.748
2025-03-02T00:00:00,XTZUSD,0.85
2025-03-03T00:00:00,XTZUSD,0.745
2025-03-04T00:00:00,XTZUSD,0.724
2025-03-05T00:00:00,XTZUSD,0.769
2025-03-06T00:00:00,XTZUSD,0.764
2025-03-07T00:00:00,XTZUSD,0.769
2025-03-08T00:00:00,XTZUSD,0.744
2025-03-09T00:00:00,XTZUSD,0.689
2025-03-10T00:00:00,XTZUSD,0.65
2025-03-11T00:00:00,XTZUSD,0.678
2025-03-12T00:00:00,XTZUSD,0.685
2025-03-13T00:00:00,XTZUSD,0.661
2025-03-14T00:00:00,XTZUSD,0.704
2025-03-15T00:00:00,XTZUSD,0.71
2025-03-16T00:00:00,XTZUSD,0.681
2025-03-17T00:00:00,XTZUSD,0.709
2025-03-18T00:00:00,XTZUSD,0.691
2025-03-19T00:00:00,XTZUSD,0.721
2025-03-20T00:00:00,XTZUSD,0.707
2025-03-21T00:00:00,XTZUSD,0.685
2025-03-22T00:00:00,XTZUSD,0.7
2025-03-23T00:00:00,XTZUSD,0.684
2025-03-24T00:00:00,XTZUSD,0.716
2025-03-25T00:00:00,XTZUSD,0.725
2025-03-26T00:00:00,XTZUSD,0.719
2025-03-27T00:00:00,XTZUSD,0.725
2025-03-28T00:00:00,XTZUSD,0.67
2025-03-29T00:00:00,XTZUSD,0.644
2025-03-30T00:00:00,XTZUSD,0.652
2025-03-31T00:00:00,XTZUSD,0.649
2025-04-01T00:00:00,XTZUSD,0.66
2025-04-02T00:00:00,XTZUSD,0.671
2025-04-03T00:00:00,XTZUSD,0.644
2025-04-04T00:00:00,XTZUSD,0.652
2025-04-05T00:00:00,XTZUSD,0.65
2025-04-06T00:00:00,XTZUSD,0.582
2025-04-07T00:00:00,XTZUSD,0.594
2025-04-08T00:00:00,XTZUSD,0.576
2025-04-09T00:00:00,XTZUSD,0.603
2025-04-10T00:00:00,XTZUSD,0.541
2025-04-11T00:00:00,XTZUSD,0.545
2025-04-12T00:00:00,XTZUSD,0.548
2025-04-13T00:00:00,XTZUSD,0.5
2025-04-14T00:00:00,XTZUSD,0.491
2025-04-15T00:00:00,XTZUSD,0.489
2025-04-16T00:00:00,XTZUSD,0.493
2025-04-17T00:00:00,XTZUSD,0.4939
2025-04-18T00:00:00,XTZUSD,0.4959
2025-04-19T00:00:00,XTZUSD,0.4969
2025-04-20T00:00:00,XTZUSD,0.4919
2025-04-21T00:00:00,XTZUSD,0.4989
2025-04-22T00:00:00,XTZUSD,0.5219
2025-04-23T00:00:00,XTZUSD,0.5349
2025-04-24T00:00:00,XTZUSD,0.5469
2025-04-25T00:00:00,XTZUSD,0.5609
2025-04-26T00:00:00,XTZUSD,0.5619
2025-04-27T00:00:00,XTZUSD,0.5509
2025-04-28T00:00:00,XTZUSD,0.5499
2025-04-29T00:00:00,XTZUSD,0.5609
2025-04-30T00:00:00,XTZUSD,0.5489
2025-05-01T00:00:00,XTZUSD,0.5639
2025-05-02T00:00:00,XTZUSD,0.5619
2025-05-03T00:00:00,XTZUSD,0.5529
2025-05-04T00:00:00,XTZUSD,0.5379
2025-05-05T00:00:00,XTZUSD,0.5309
2025-05-06T00:00:00,XTZUSD,0.5179
2025-05-07T00:00:00,XTZUSD,0.5289
2025-05-08T00:00:00,XTZUSD,0.5919
2025-05-09T00:00:00,XTZUSD,0.6249
2025-05-10T00:00:00,XTZUSD,0.6549
2025-05-11T00:00:00,XTZUSD,0.6629
2025-05-12T00:00:00,XTZUSD,0.6749
2025-05-13T00:00:00,XTZUSD,0.6949
2025-05-14T00:00:00,XTZUSD,0.6719
2025-05-15T00:00:00,XTZUSD,0.6379
2025-05-16T00:00:00,XTZUSD,0.6399
2025-05-17T00:00:00,XTZUSD,0.6149
2025-05-18T00:00:00,XTZUSD,0.6089
2025-05-19T00:00:00,XTZUSD,0.6119
2025-05-20T00:00:00,XTZUSD,0.6179
2025-05-21T00:00:00,XTZUSD,0.6249
2025-05-22T00:00:00,XTZUSD,0.6549
2025-05-23T00:00:00,XTZUSD,0.6289
2025-05-24T00:00:00,XTZUSD,0.6199
2025-05-25T00:00:00,XTZUSD,0.6019
2025-05-26T00:00:00,XTZUSD,0.6089
2025-05-27T00:00:00,XTZUSD,0.6249
2025-05-28T00:00:00,XTZUSD,0.6189
2025-05-29T00:00:00,XTZUSD,0.6159
2025-05-30T00:00:00,XTZUSD,0.5839
2025-05-31T00:00:00,XTZUSD,0.5709
2025-06-01T00:00:00,XTZUSD,0.5689
2025-06-02T00:00:00,XTZUSD,0.5689
2025-06-03T00:00:00,XTZUSD,0.5849
2025-06-04T00:00:00,XTZUSD,0.5719
2025-06-05T00:00:00,XTZUSD,0.5339
2025-06-06T00:00:00,XTZUSD,0.5569
2025-06-07T00:00:00,XTZUSD,0.5659
2025-06-08T00:00:00,XTZUSD,0.5759
2025-06-09T00:00:00,XTZUSD,0.5779
2025-06-10T00:00:00,XTZUSD,0.6149
2025-06-11T00:00:00,XTZUSD,0.6169
2025-06-12T00:00:00,XTZUSD,0.5859
2025-06-13T00:00:00,XTZUSD,0.5639
2025-06-14T00:00:00,XTZUSD,0.5549
2025-06-15T00:00:00,XTZUSD,0.5479
2025-06-16T00:00:00,XTZUSD,0.5799
2025-06-17T00:00:00,XTZUSD,0.5409
2025-06-18T00:00:00,XTZUSD,0.5399
2025-06-19T00:00:00,XTZUSD,0.5289
2025-06-20T00:00:00,XTZUSD,0.5179
2025-06-21T00:00:00,XTZUSD,0.5069
2025-06-22T00:00:00,XTZUSD,0.4869
2025-06-23T00:00:00,XTZUSD,0.5179
2025-06-24T00:00:00,XTZUSD,0.5309
2025-06-25T00:00:00,XTZUSD,0.5309
2025-06-26T00:00:00,XTZUSD,0.5259
2025-06-27T00:00:00,XTZUSD,0.5249
2025-06-28T00:00:00,XTZUSD,0.5279
2025-06-29T00:00:00,XTZUSD,0.5339
2025-06-30T00:00:00,XTZUSD,0.5379
2025-07-01T00:00:00,XTZUSD,0.5169
2025-07-02T00:00:00,XTZUSD,0.5529
2025-07-03T00:00:00,XTZUSD,0.5499
2025-07-04T00:00:00,XTZUSD,0.5259
2025-07-05T00:00:00,XTZUSD,0.5219
2025-07-06T00:00:00,XTZUSD,0.5269
2025-07-07T00:00:00,XTZUSD,0.5159
2025-07-08T00:00:00,XTZUSD,0.5319
2025-07-09T00:00:00,XTZUSD,0.5569
2025-07-10T00:00:00,XTZUSD,0.5739
2025-07-11T00:00:00,XTZUSD,0.6089
2025-07-12T00:00:00,XTZUSD,0.6049
2025-07-13T00:00:00,XTZUSD,0.6439
2025-07-14T00:00:00,XTZUSD,0.6359
2025-07-15T00:00:00,XTZUSD,0.6399
2025-07-16T00:00:00,XTZUSD,0.6579
2025-07-17T00:00:00,XTZUSD,0.6439
2025-07-18T00:00:00,XTZUSD,0.6909
2025-07-21T00:00:00,XTZUSD,1.004
2025-07-22T00:00:00,XTZUSD,0.943
2025-07-23T00:00:00,XTZUSD,0.885
2025-07-24T00:00:00,XTZUSD,0.895
2025-07-25T00:00:00,XTZUSD,0.879
2025-07-26T00:00:00,XTZUSD,0.892
2025-07-28T00:00:00,XTZUSD,0.862
2025-07-29T00:00:00,XTZUSD,0.831
2025-07-30T00:00:00,XTZUSD,0.821
2025-07-31T00:00:00,XTZUSD,0.79
2025-08-01T00:00:00,XTZUSD,0.756
2025-08-03T00:00:00,XTZUSD,0.757
2025-08-04T00:00:00,XTZUSD,0.782
2025-08-05T00:00:00,XTZUSD,0.767
2025-08-06T00:00:00,XTZUSD,0.779
2025-08-07T00:00:00,XTZUSD,0.796
2025-08-08T00:00:00,XTZUSD,0.82
2025-08-09T00:00:00,XTZUSD,0.923
2025-08-10T00:00:00,XTZUSD,0.877
2025-08-11T00:00:00,XTZUSD,0.82
2025-08-12T00:00:00,XTZUSD,0.872
2025-08-13T00:00:00,XTZUSD,0.877
2025-08-14T00:00:00,XTZUSD,0.836
2025-08-15T00:00:00,XTZUSD,0.819
2025-08-16T00:00:00,XTZUSD,0.842
2025-08-17T00:00:00,XTZUSD,0.853
2025-08-18T00:00:00,XTZUSD,0.821
2025-08-19T00:00:00,XTZUSD,0.792
2025-08-20T00:00:00,XTZUSD,0.82
2025-08-21T00:00:00,XTZUSD,0.803
2025-08-22T00:00:00,XTZUSD,0.862
2025-08-23T00:00:00,XTZUSD,0.856
2025-08-24T00:00:00,XTZUSD,0.842
2025-08-25T00:00:00,XTZUSD,0.771
2025-08-26T00:00:00,XTZUSD,0.795
2025-08-27T00:00:00,XTZUSD,0.794
2025-08-28T00:00:00,XTZUSD,0.777
2025-08-29T00:00:00,XTZUSD,0.725
2025-08-31T00:00:00,XTZUSD,0.725
2025-09-01T00:00:00,XTZUSD,0.699
2025-09-02T00:00:00,XTZUSD,0.723
2025-09-03T00:00:00,XTZUSD,0.731
2025-09-04T00:00:00,XTZUSD,0.704
2025-09-05T00:00:00,XTZUSD,0.718
2025-09-07T00:00:00,XTZUSD,0.706
2025-09-08T00:00:00,XTZUSD,0.716
2025-09-09T00:00:00,XTZUSD,0.72
2025-09-10T00:00:00,XTZUSD,0.729
2025-09-11T00:00:00,XTZUSD,0.743
2025-09-12T00:00:00,XTZUSD,0.769
2025-09-13T00:00:00,XTZUSD,0.803
2025-09-14T00:00:00,XTZUSD,0.76
2025-09-15T00:00:00,XTZUSD,0.753
2025-09-16T00:00:00,XTZUSD,0.768
2025-09-17T00:00:00,XTZUSD,0.77
2025-09-18T00:00:00,XTZUSD,0.795
2025-09-19T00:00:00,XTZUSD,0.753
2025-09-20T00:00:00,XTZUSD,0.761
2025-09-21T00:00:00,XTZUSD,0.749
2025-09-22T00:00:00,XTZUSD,0.695
2025-09-23T00:00:00,XTZUSD,0.695
2025-09-24T00:00:00,XTZUSD,0.705
2025-09-25T00:00:00,XTZUSD,0.654
2025-09-26T00:00:00,XTZUSD,0.674
2025-09-27T00:00:00,XTZUSD,0.668
2025-09-28T00:00:00,XTZUSD,0.66
2025-09-29T00:00:00,XTZUSD,0.673
2025-09-30T00:00:00,XTZUSD,0.669
2025-10-01T00:00:00,XTZUSD,0.696
2025-10-02T00:00:00,XTZUSD,0.707
2025-10-03T00:00:00,XTZUSD,0.719
2025-10-04T00:00:00,XTZUSD,0.686
2025-10-05T00:00:00,XTZUSD,0.71
2025-10-06T00:00:00,XTZUSD,0.722
2025-10-07T00:00:00,XTZUSD,0.686
2025-10-08T00:00:00,XTZUSD,0.689
2025-10-09T00:00:00,XTZUSD,0.668
2025-10-10T00:00:00,XTZUSD,0.632
2025-10-11T00:00:00,XTZUSD,0.563
2025-10-12T00:00:00,XTZUSD,0.634
2025-10-13T00:00:00,XTZUSD,0.655
2025-10-14T00:00:00,XTZUSD,0.622
2025-10-15T00:00:00,XTZUSD,0.602
2025-10-16T00:00:00,XTZUSD,0.587
2025-10-17T00:00:00,XTZUSD,0.579
2025-10-18T00:00:00,XTZUSD,0.584
2025-10-19T00:00:00,XTZUSD,0.599
2025-10-20T00:00:00,XTZUSD,0.599
2025-10-21T00:00:00,XTZUSD,0.602
2025-10-22T00:00:00,XTZUSD,0.575
2025-10-23T00:00:00,XTZUSD,0.589
2025-10-24T00:00:00,XTZUSD,0.599
2025-10-25T00:00:00,XTZUSD,0.602
2025-10-26T00:00:00,XTZUSD,0.607
2025-10-27T00:00:00,XTZUSD,0.6
2025-10-28T00:00:00,XTZUSD,0.586
2025-10-29T00:00:00,XTZUSD,0.597
2025-10-30T00:00:00,XTZUSD,0.551
2025-10-31T00:00:00,XTZUSD,0.574
2025-11-01T00:00:00,XTZUSD,0.579
2025-11-02T00:00:00,XTZUSD,0.572
2025-11-03T00:00:00,XTZUSD,0.528
2025-11-04T00:00:00,XTZUSD,0.5
2025-11-05T00:00:00,XTZUSD,0.535
2025-11-06T00:00:00,XTZUSD,0.6
2025-11-07T00:00:00,XTZUSD,0.707
2025-11-08T00:00:00,XTZUSD,0.644
2025-11-09T00:00:00,XTZUSD,0.625
2025-11-10T00:00:00,XTZUSD,0.619
2025-11-11T00:00:00,XTZUSD,0.594
2025-11-12T00:00:00,XTZUSD,0.583
2025-11-13T00:00:00,XTZUSD,0.558
2025-11-14T00:00:00,XTZUSD,0.558
2025-11-15T00:00:00,XTZUSD,0.565
2025-11-16T00:00:00,XTZUSD,0.54
2025-11-17T00:00:00,XTZUSD,0.523
2025-11-18T00:00:00,XTZUSD,0.539
2025-11-19T00:00:00,XTZUSD,0.529
2025-11-20T00:00:00,XTZUSD,0.513
2025-11-21T00:00:00,XTZUSD,0.499
2025-11-22T00:00:00,XTZUSD,0.484
2025-11-23T00:00:00,XTZUSD,0.492
2025-11-24T00:00:00,XTZUSD,0.504
2025-11-25T00:00:00,XTZUSD,0.503
2025-11-26T00:00:00,XTZUSD,0.507
2025-11-27T00:00:00,XTZUSD,0.509
2025-11-28T00:00:00,XTZUSD,0.497
2025-11-29T00:00:00,XTZUSD,0.493
2025-11-30T00:00:00,XTZUSD,0.487
2025-12-01T00:00:00,XTZUSD,0.467
2025-12-02T00:00:00,XTZUSD,0.482
2025-12-03T00:00:00,XTZUSD,0.499
2025-12-04T00:00:00,XTZUSD,0.492
2025-12-05T00:00:00,XTZUSD,0.473
2025-12-06T00:00:00,XTZUSD,0.481
2025-12-07T00:00:00,XTZUSD,0.472
2025-12-08T00:00:00,XTZUSD,0.493
2025-12-09T00:00:00,XTZUSD,0.492
2025-12-10T00:00:00,XTZUSD,0.497
2025-12-11T00:00:00,XTZUSD,0.509
2025-12-12T00:00:00,XTZUSD,0.488
2025-12-13T00:00:00,XTZUSD,0.496
2025-12-14T00:00:00,XTZUSD,0.476
2025-12-15T00:00:00,XTZUSD,0.458
2025-12-16T00:00:00,XTZUSD,0.462
2025-12-17T00:00:00,XTZUSD,0.44
2025-12-18T00:00:00,XTZUSD,0.429
2025-12-19T00:00:00,XTZUSD,0.44
2025-12-20T00:00:00,XTZUSD,0.447
2025-12-21T00:00:00,XTZUSD,0.43
2025-12-22T00:00:00,XTZUSD,0.436
2025-12-23T00:00:00,XTZUSD,0.442
2025-12-24T00:00:00,XTZUSD,0.435
2025-12-25T00:00:00,XTZUSD,0.451
2025-12-26T00:00:00,XTZUSD,0.472
2025-12-27T00:00:00,XTZUSD,0.479
2025-12-28T00:00:00,XTZUSD,0.485
2025-12-29T00:00:00,XTZUSD,0.494
2025-12-30T00:00:00,XTZUSD,0.521
2025-12-31T00:00:00,XTZUSD,0.494
2026-01-01T00:00:00,XTZUSD,0.501
2026-01-02T00:00:00,XTZUSD,0.52
2026-01-03T00:00:00,XTZUSD,0.528
2026-01-04T00:00:00,XTZUSD,0.544
2026-01-05T00:00:00,XTZUSD,0.553
2026-01-06T00:00:00,XTZUSD,0.587
2026-01-07T00:00:00,XTZUSD,0.563
2026-01-08T00:00:00,XTZUSD,0.578
2026-01-09T00:00:00,XTZUSD,0.575
2026-01-10T00:00:00,XTZUSD,0.589
2026-01-11T00:00:00,XTZUSD,0.57
2026-01-12T00:00:00,XTZUSD,0.55
2026-01-13T00:00:00,XTZUSD,0.583
2026-01-14T00:00:00,XTZUSD,0.575
2026-01-15T00:00:00,XTZUSD,0.576
2026-01-16T00:00:00,XTZUSD,0.604
2026-01-17T00:00:00,XTZUSD,0.599
2026-01-18T00:00:00,XTZUSD,0.608
2026-01-19T00:00:00,XTZUSD,0.613
2026-01-20T00:00:00,XTZUSD,0.56
2026-01-21T00:00:00,XTZUSD,0.594
2026-01-22T00:00:00,XTZUSD,0.576
2026-01-23T00:00:00,XTZUSD,0.583
2026-01-24T00:00:00,XTZUSD,0.576
2026-01-25T00:00:00,XTZUSD,0.565
2026-01-26T00:00:00,XTZUSD,0.575
2026-01-27T00:00:00,XTZUSD,0.569
2026-01-28T00:00:00,XTZUSD,0.54
2026-01-29T00:00:00,XTZUSD,0.508
2026-01-30T00:00:00,XTZUSD,0.503
2026-01-31T00:00:00,XTZUSD,0.461
2026-02-01T00:00:00,XTZUSD,0.459
2026-02-02T00:00:00,XTZUSD,0.477
2026-02-03T00:00:00,XTZUSD,0.477
2026-02-04T00:00:00,XTZUSD,0.463
2026-02-05T00:00:00,XTZUSD,0.394
2026-02-06T00:00:00,XTZUSD,0.427
2026-02-07T00:00:00,XTZUSD,0.421
2026-02-08T00:00:00,XTZUSD,0.408
2026-02-09T00:00:00,XTZUSD,0.413
2026-02-10T00:00:00,XTZUSD,0.401
2026-02-11T00:00:00,XTZUSD,0.398
2026-02-12T00:00:00,XTZUSD,0.393
2026-02-13T00:00:00,XTZUSD,0.404
2026-02-14T00:00:00,XTZUSD,0.422
2026-02-15T00:00:00,XTZUSD,0.396
2026-02-16T00:00:00,XTZUSD,0.399
2026-02-17T00:00:00,XTZUSD,0.393
2026-02-18T00:00:00,XTZUSD,0.383
2026-02-19T00:00:00,XTZUSD,0.378
2026-02-20T00:00:00,XTZUSD,0.39
2026-02-21T00:00:00,XTZUSD,0.388
2026-02-22T00:00:00,XTZUSD,0.374
2026-02-23T00:00:00,XTZUSD,0.361
